,acc1_x,acc1_y,acc1_z,acc2_x,acc2_y,acc2_z,gyro_x,gyro_y,gyro_z,mag_x,mag_y,mag_z,force
0,-0.0724270540825688,0.34629471371049947,-0.3426321572477064,-0.06164550781345565,-0.3450927734352701,0.3524169921865443,-0.011386491253599999,-0.019248809676,-0.0033870711458,-0.00018899650607910156,3.8774343017578126e-05,0.0005797489000366211,1
1,-0.0290868025891947,0.3914357221355759,-0.3231595653771661,0.0861816406269113,-0.5758056640621814,0.3602294921865443,-0.011539097773,-0.0186078622946,-0.0032955072342,-0.00018899650607910156,3.8774343017578126e-05,0.0005797489000366211,1
2,0.048406787935779814,0.5868636308154943,-0.15706262971457696,0.04589843750254842,-0.3096923828134556,0.48779296875127415,-0.015995208138,0.030256745201400002,-0.0046994872122,-0.00018899650607910156,3.8774343017578126e-05,0.0005797489000366211,1
3,-0.3003601513863405,0.23925650103975532,-0.3748931754383282,-0.2248535156269113,-0.15539550781345565,0.3077392578134556,-0.024846386260399998,0.0403592967824,-0.0095828958316,-0.000190253689050293,3.9617263513183595e-05,0.0005797489000366211,1
4,-0.04642290318552497,0.21444268098878694,-0.46419851056065237,-0.18640136718654432,-0.3068847656269113,0.2615966796890928,-0.0203292332876,-0.0487629105182,-0.0122382492682,-0.000190253689050293,3.9617263513183595e-05,0.0005797489000366211,1
5,-0.03058234647808359,0.3404346233690112,-0.3847515565851172,-0.12158203124872578,-0.3624267578134556,0.3519287109378185,-0.0139808020826,-0.0465958979436,-0.0068359784831999995,-0.000190253689050293,3.9617263513183595e-05,0.0005797489000366211,1
6,-0.08518495910295616,0.3719326089602446,-0.33533756562181444,-0.09704589843527013,-0.341796875,0.41015624999999994,-0.0120884812426,-0.0392402637108,-0.001708399433,-0.00018857744509277345,4.0881644262695314e-05,0.0005801809036865234,1
7,-0.08057624221712538,0.34959101452599384,-0.3245635453567788,-0.09704589843527013,-0.3321533203109072,0.3902587890621814,-0.0128820351434,-0.0320982786052,3.13148876e-05,-0.00018857744509277345,4.0881644262695314e-05,0.0005801809036865234,1
8,-0.07080942497961264,0.3386949090468909,-0.33958002686034655,-0.0874023437512742,-0.3321533203109072,0.3460693359378185,-0.0151100903258,-0.0199813209688,0.000885911396,-0.00018857744509277345,4.0881644262695314e-05,0.0005801809036865234,1
9,-0.06885606152905198,0.34702722500509686,-0.3438835307033639,-0.02490234375127421,-0.3438720703109072,0.3229980468756371,-0.0158731229226,-0.0188520327256,0.0014963374734000001,-0.00018857744509277345,4.0881644262695314e-05,0.0005801809036865234,1
10,-0.07572335490316004,0.34705774630479097,-0.342357465509684,-0.02490234375127421,-0.3438720703109072,0.3229980468756371,-0.0148964411988,-0.02062226835,0.0011606031308,-0.00018899650607910156,4.2146025024414066e-05,0.0005810449109863281,1
11,-0.08646685386340469,0.3419912098623853,-0.34354779636085625,-0.03540039062691131,-0.3361816406269113,0.32495117187563705,-0.013889238171,-0.0205001831346,-0.0001212916318,-0.00018899650607910156,4.2146025024414066e-05,0.0005810449109863281,1
12,-0.07538762056065239,0.35145281406218143,-0.33689415212028545,-0.05334472656472986,-0.3479003906269113,0.3414306640621814,-0.0127599499278,-0.021446343554599998,-0.0014031863944000001,-0.00018899650607910156,4.2146025024414066e-05,0.0005810449109863281,1
13,-0.07245757538735983,0.3763581980224261,-0.3154987181039755,-0.04626464843527013,-0.3699951171865443,0.3513183593730887,-0.013156726878200001,-0.0129919423826,-0.0020746550794,-0.00018899650607910156,4.2146025024414066e-05,0.0005810449109863281,1
14,-0.10050665364424057,0.3367720669011213,-0.3459589793679918,-0.08801269531090723,-0.3273925781243629,0.3812255859378186,-0.0141639299058,-0.014640092791600001,-0.0022272615988000004,-0.0001906727500366211,3.9617263513183595e-05,0.0005793168963867187,1
15,-0.06958857282364934,0.34382248809887866,-0.3521242827471967,-0.0952148437512742,-0.33740234375127415,0.365234375,-0.014133408601999999,-0.023888047864200002,-0.0016473568252000001,-0.0001906727500366211,3.9617263513183595e-05,0.0005793168963867187,1
16,-0.07126724453618756,0.3527652301325178,-0.34150286900101934,-0.08093261718654433,-0.3450927734352701,0.3615722656269113,-0.014499664248400001,-0.021354779643,-0.0004570259744,-0.0001906727500366211,3.9617263513183595e-05,0.0005793168963867187,1
17,-0.07291539494393476,0.35297887925586136,-0.3384202173139653,-0.0671386718756371,-0.3441162109378185,0.3524169921865443,-0.014499664248400001,-0.0207138322616,0.0004891344456,-0.0001906727500366211,3.9617263513183595e-05,0.0005793168963867187,1
18,-0.07334269320081549,0.3539250396788991,-0.33692467341997956,-0.05908203124872578,-0.34838867187563705,0.34741210937308864,-0.0146827920716,-0.0197981931456,0.0006722622687999999,-0.00018941556706542968,4.1303104516601565e-05,0.0005806129073364258,1
19,-0.05304602612640162,0.3723904285168195,-0.3236173849337411,-0.016357421875637105,-0.3840332031243629,0.3345947265647298,-0.01459122816,-0.0194929801068,0.0006112196612,-0.00018941556706542968,4.1303104516601565e-05,0.0005806129073364258,1
20,-0.10303992186544342,0.3673544133792049,-0.3578012452701325,-0.05957031250254841,-0.3325195312487258,0.3720703125025484,-0.0151406116296,-0.0069487242162,-2.9727720199999998e-05,-0.00018941556706542968,4.1303104516601565e-05,0.0005806129073364258,1
21,-0.05542668782874617,0.3605176413149847,-0.3387864729561672,-0.08312988281345565,-0.3322753906269113,0.3547363281243629,-0.0154153033646,-0.018027957521,-0.0012811011788,-0.00018941556706542968,4.1303104516601565e-05,0.0005806129073364258,1
22,0.11109754608562691,0.59345623245158,-0.18462336711009172,-0.030517578124362895,-0.4842529296890928,0.3619384765647299,-0.0150185264142,-0.0198287144494,-0.0011284946594,-0.00018983462805175782,4.0881644262695314e-05,0.0005814769146484375,1
23,-0.2883652789653415,0.2944084971304791,-0.308997680382263,0.11303710937308868,-0.5056152343730886,0.5020751953109072,-0.0274406970894,0.0179871810456,-0.003570198969,-0.00018983462805175782,4.0881644262695314e-05,0.0005814769146484375,1
24,-0.1092967891590214,0.19185691612640163,-0.46957026004077473,-0.16333007812436287,-0.18176269531090722,0.34765625,-0.025029514083599998,-0.0206833109578,-0.007171712825800001,-0.00018983462805175782,4.0881644262695314e-05,0.0005814769146484375,1
25,-0.018434867538226297,0.32337321450560647,-0.4015382737155963,-0.2292480468756371,-0.2644042968756371,0.21325683593781855,-0.0170939750774,-0.029107190826,-0.0024103894220000002,-0.00018983462805175782,4.0881644262695314e-05,0.0005814769146484375,1
26,-0.06302649249235474,0.37422170675331295,-0.3402820168501529,-0.15197753906218145,-0.3624267578134556,0.2996826171865443,-0.0130041203588,-0.0210190453004,0.0029308387552,-0.0001919299330078125,4.2567485266113284e-05,0.0005814769146484375,1
27,-0.07624221706931701,0.3646685386391437,-0.3116530338175331,-0.095703125,-0.3638916015647298,0.4001464843730887,-0.0132482907898,-0.024620559157,0.006257660877,-0.0001919299330078125,4.2567485266113284e-05,0.0005814769146484375,1
28,-0.07813453790519878,0.3537419118552497,-0.3305151996075433,-0.07702636718654433,-0.3469238281243629,0.3929443359378185,-0.015384782060599999,-0.0183331705598,0.007234342601,-0.0001919299330078125,4.2567485266113284e-05,0.0005814769146484375,1
29,-0.07688316444954128,0.3572518617991845,-0.33643633255861366,-0.06408691406218145,-0.3511962890621814,0.3601074218756371,-0.016941368558000002,-0.0193098522836,0.0070817360816,-0.0001919299330078125,4.2567485266113284e-05,0.0005814769146484375,1
30,-0.08961054816513761,0.35093395189602444,-0.3364973751681957,-0.04138183593781855,-0.3458251953109072,0.34057617187563705,-0.016697198127,-0.021568428770000002,0.0067154804351999995,-0.00019109181102294921,4.2988945520019534e-05,0.0005832049292480469,1
31,-0.09025149554536187,0.346569405443425,-0.3337504578185525,-0.05419921875127421,-0.3406982421865443,0.3322753906269113,-0.0162698998728,-0.0193098522836,0.0058608839267999995,-0.00019109181102294921,4.2988945520019534e-05,0.0005832049292480469,1
32,-0.06354535465851172,0.3758393358562691,-0.31772677328746174,-0.05236816406218145,-0.36303710937308864,0.3194580078134557,-0.015995208138,-0.0096956415646,0.004792638291400001,-0.00019109181102294921,4.2988945520019534e-05,0.0005832049292480469,1
33,-0.11060920522426095,0.33848125991845057,-0.34144182639653414,-0.0842285156269113,-0.32861328124872574,0.3729248046890928,-0.0162698998728,-0.0059109998846,0.004884202203,-0.00018941556706542968,4.3831866015625e-05,0.0005823409219482422,1
34,-0.08146136003058103,0.3384202173139653,-0.3526431449133537,-0.0944824218756371,-0.3289794921865443,0.357421875,-0.016147814657400002,-0.018302649256,0.005128372633799999,-0.00018941556706542968,4.3831866015625e-05,0.0005823409219482422,1
35,-0.07798193138634046,0.35419973141182465,-0.33906116469418957,-0.08654785156472987,-0.3448486328134557,0.3607177734352701,-0.0159646868342,-0.017600659267,0.0056777561036,-0.00018941556706542968,4.3831866015625e-05,0.0005823409219482422,1
36,-0.07926382615188583,0.3595409595922528,-0.3342082773751274,-0.07702636718654433,-0.3507080078134556,0.3580322265647298,-0.016544591607800002,-0.016440849719799998,0.0065933952196,-0.00018941556706542968,4.3831866015625e-05,0.0005823409219482422,1
37,-0.0812782322069317,0.360090343058104,-0.3323464778440367,-0.07080078124872578,-0.353515625,0.3541259765647299,-0.016941368558000002,-0.0156472958192,0.007173299993200001,-0.0001906727500366211,4.3831866015625e-05,0.0005814769146484375,1
38,-0.08295690391946993,0.35789280917940874,-0.33008790135575944,-0.06958007812436288,-0.3486328125025484,0.3536376953109072,-0.0171244963812,-0.0162272005928,0.0070512147776,-0.0001906727500366211,4.3831866015625e-05,0.0005814769146484375,1
39,-0.044927359296636084,0.38755951654434245,-0.30875350994903156,-0.03234863281345566,-0.3889160156269113,0.3388671875025484,-0.017643358547,-0.0125036015206,0.0069291295622,-0.0001906727500366211,4.3831866015625e-05,0.0005814769146484375,1
40,-0.09174703943425075,0.38697961176860346,-0.31308753510193676,-0.04516601562691132,-0.3936767578134557,0.3796386718756371,-0.0190168172212,0.0013835917402,0.0066849591312,-0.0001906727500366211,4.3831866015625e-05,0.0005814769146484375,1
41,0.12028445855249745,0.6126846538888888,-0.14106946648827728,0.15759277343527012,-0.6136474609378185,0.4962158203109073,-0.024571694525600003,0.0355674520748,0.0044569039488,-0.000190253689050293,4.425332626953125e-05,0.0005814769146484375,1
42,-0.33683310951070333,0.2478329874260958,-0.3428152850713557,-0.11950683593781855,-0.16979980468909275,0.3798828125025484,-0.034124862637,0.0722540593266,0.0027171896282,-0.000190253689050293,4.425332626953125e-05,0.0005814769146484375,1
43,-0.10896105481651376,0.18749236967380223,-0.48528873153414875,-0.24255371093781855,-0.2248535156269113,0.18469238281345565,-0.0303707422608,-0.0215989500738,-0.002654559853,-0.000190253689050293,4.425332626953125e-05,0.0005814769146484375,1
44,-0.03748016115188583,0.32593700402650355,-0.4018129654485219,-0.1545410156269113,-0.3435058593730887,0.2537841796890927,-0.0212448724038,-0.025414113057600003,0.0017710292082000001,-0.000190253689050293,4.425332626953125e-05,0.0005814769146484375,1
45,-0.0863447686493374,0.3639970699541284,-0.33802344036187565,-0.09973144531090723,-0.3498535156269113,0.3828125,-0.0170024111658,-0.0143959223606,0.0067154804351999995,-0.00019151087200927736,4.46747865234375e-05,0.0005827729255981445,1
46,-0.08011842266055046,0.35587840312436286,-0.31537663288990825,-0.0690917968756371,-0.3471679687512742,0.3937988281243629,-0.017338145508400002,-0.0132361128134,0.008241545628600001,-0.00019151087200927736,4.46747865234375e-05,0.0005827729255981445,1
47,-0.08591747039245667,0.35172750580020384,-0.3260590892456677,-0.03942871093781855,-0.3472900390621814,0.36181640624872574,-0.0188947320058,-0.009573556349000001,0.008546758667400001,-0.00019151087200927736,4.46747865234375e-05,0.0005827729255981445,1
48,-0.08912220729867482,0.3545354657543323,-0.3337809791233435,-0.02136230468909276,-0.3455810546890927,0.3276367187512742,-0.020237669376,-0.0121068245702,0.0076311195512,-0.00019151087200927736,4.46747865234375e-05,0.0005827729255981445,1
49,-0.09421926504587155,0.34736295934760447,-0.33744353558613654,-0.03369140624872579,-0.3397216796890928,0.3138427734352701,-0.0195967219948,-0.0158609449464,0.0059829691422,-0.00018983462805175782,4.46747865234375e-05,0.0005823409219482422,1
50,-0.09534855329255862,0.3432425833231396,-0.33756562080530067,-0.04821777343527013,-0.3471679687512742,0.3093261718756371,-0.018436912447600002,-0.014518007576,0.0038464778714,-0.00018983462805175782,4.46747865234375e-05,0.0005823409219482422,1
51,-0.08048467830784913,0.3605786839194699,-0.3263948235881753,-0.06750488281345565,-0.3436279296890927,0.3388671875025484,-0.0175212733316,-0.00887156636,0.0023814552856,-0.00018983462805175782,4.46747865234375e-05,0.0005823409219482422,1
52,-0.10246001708970437,0.34345623245157997,-0.33942742034148826,-0.07788085937308868,-0.3414306640621814,0.3503417968756371,-0.016697198127,-0.0076201929014,0.0018931144236,-0.00018983462805175782,4.46747865234375e-05,0.0005823409219482422,1
53,-0.08542912953109072,0.349682578440367,-0.33155292393985725,-0.07592773437308868,-0.34741210937308864,0.3526611328134557,-0.016391985088399997,-0.0141517519296,0.0013742522578,-0.000190253689050293,4.5096246765136716e-05,0.0005827729255981445,1
54,-0.08216335002038735,0.36161640825178387,-0.32947747527522936,-0.07189941406218144,-0.3508300781243629,0.3463134765647299,-0.0160562507458,-0.0131750702058,0.0018625931198,-0.000190253689050293,4.5096246765136716e-05,0.0005827729255981445,1
55,-0.08484922476044852,0.3613417165188583,-0.3298742522273191,-0.06542968749745158,-0.3531494140621814,0.3365478515647299,-0.0165140703038,-0.0120457819626,0.0018625931198,-0.000190253689050293,4.5096246765136716e-05,0.0005827729255981445,1
56,-0.08408619216106014,0.36149432303771656,-0.32679160053516815,-0.06152343750254841,-0.3538818359378185,0.3284912109378185,-0.0161172933536,-0.0127782932554,0.0017405079044,-0.000190253689050293,4.5096246765136716e-05,0.0005827729255981445,1
57,-0.07514345012742099,0.3665608594801223,-0.3211451593221203,-0.05871582031090724,-0.3558349609378185,0.3276367187512742,-0.0159646868342,-0.0118931754432,0.0013437309539999999,-0.00018983462805175782,4.6782087768554686e-05,0.0005836369328979492,1
58,-0.07514345012742099,0.38478207788990826,-0.3054572091335372,-0.03674316406218144,-0.3818359375025484,0.3253173828134556,-0.0159341655304,-0.0029199121053999997,0.0007333048766,-0.00018983462805175782,4.6782087768554686e-05,0.0005836369328979492,1
59,-0.10471859357798163,0.3504456110346585,-0.3322243926248726,-0.07189941406218144,-0.3447265625025484,0.3544921875025484,-0.016422506392199998,-0.0045680625144,0.0001228787992,-0.00018983462805175782,4.6782087768554686e-05,0.0005836369328979492,1
60,-0.07752411182976554,0.35914418264016307,-0.32947747527522936,-0.07275390624872578,-0.3508300781243629,0.3416748046890928,-0.016330942480600002,-0.012564644128399999,-0.0002738981512,-0.00018941556706542968,4.8046468518066405e-05,0.0005827729255981445,1
61,-0.04587351971457696,0.40526187278797143,-0.30472469783893985,-0.04162597656472987,-0.3975830078134556,0.3367919921865443,-0.016483549,-0.0053921377187999995,-0.00033494075880000004,-0.00018941556706542968,4.8046468518066405e-05,0.0005827729255981445,1
62,0.08918324990825688,0.5911366133537207,-0.13743743132517838,0.1589355468756371,-0.5004882812487258,0.4189453124974516,-0.0211227871882,0.0479285801422,-0.0017389207368,-0.00018941556706542968,4.8046468518066405e-05,0.0005827729255981445,1
63,-0.335581736049949,0.24636796484199797,-0.3592357465494393,-0.08776855468909275,-0.18359375,0.39038085937308864,-0.029760316183400002,0.0752756684098,-0.0053404345936000006,-0.00018941556706542968,4.8046468518066405e-05,0.0005827729255981445,1
64,-0.09394457331294596,0.2112074227828746,-0.46868514222731905,-0.23986816406218145,-0.22302246093781852,0.18200683593781855,-0.0254568123378,-0.0152810401728,-0.0094302893122,-0.000190253689050293,4.8467928771972656e-05,0.0005849329438476563,1
65,-0.028659504332313963,0.33808448297145766,-0.3865523135168195,-0.1740722656269113,-0.3415527343730887,0.22900390624872577,-0.0165140703038,-0.0167155414546,-0.0042721889582,-0.000190253689050293,4.8467928771972656e-05,0.0005849329438476563,1
66,-0.08121718959734964,0.36939934073904174,-0.3280429739959225,-0.11328125,-0.3549804687512742,0.3549804687512742,-0.0121800451542,-0.009176779398800001,0.0011300818270000002,-0.000190253689050293,4.8467928771972656e-05,0.0005849329438476563,1
67,-0.08478818215086646,0.359602002196738,-0.3109815651325178,-0.0795898437512742,-0.3503417968756371,0.3958740234352701,-0.012271609066,-0.0092378220066,0.0030834452746,-0.000190253689050293,4.8467928771972656e-05,0.0005849329438476563,1
68,-0.08838969600917432,0.35734342571355754,-0.3204126480275229,-0.05627441406218145,-0.3507080078134556,0.3604736328134557,-0.0142860151214,-0.005849957277,0.0036328287441999996,-0.0001906727500366211,4.8889389025878906e-05,0.0005840689365478515,1
69,-0.08872543035168196,0.3592967891590214,-0.33008790135575944,-0.03869628906218144,-0.3508300781243629,0.3283691406269113,-0.0152016542374,-0.0087800024484,0.0031750091862,-0.0001906727500366211,4.8889389025878906e-05,0.0005840689365478515,1
70,-0.09412770113659531,0.3512391649388379,-0.3332010743476045,-0.03955078124872579,-0.3403320312487258,0.3099365234352701,-0.0147438346794,-0.0124425589128,0.0016794652966000002,-0.0001906727500366211,4.8889389025878906e-05,0.0005840689365478515,1
71,-0.09837016237512741,0.3461421071916412,-0.33481870345565745,-0.06164550781345565,-0.3403320312487258,0.3126220703109072,-0.013492461220799999,-0.012564644128399999,0.0004586131418,-0.0001906727500366211,4.8889389025878906e-05,0.0005840689365478515,1
72,-0.09482969112640162,0.34760712977573904,-0.33491026736493373,-0.07910156249745158,-0.3430175781243629,0.3251953125025484,-0.0120579599388,-0.012259431089599999,-0.0006096324936000001,-0.000190253689050293,4.9310849267578124e-05,0.0005836369328979492,1
73,-0.08649737516819571,0.35050665364424055,-0.3320107434964322,-0.08093261718654433,-0.3421630859378185,0.3389892578134556,-0.0109286716956,-0.013114027598,-0.0009453668362,-0.000190253689050293,4.9310849267578124e-05,0.0005836369328979492,1
74,-0.08228543523445463,0.3489805884505606,-0.33561225735474004,-0.07165527343527013,-0.33959960937308864,0.3387451171865443,-0.010592937353,-0.0126867293438,-0.0006706751014,-0.000190253689050293,4.9310849267578124e-05,0.0005836369328979492,1
75,-0.08106458307849133,0.34919423757900103,-0.33631424734454635,-0.06616210937308868,-0.3453369140621814,0.3321533203109072,-0.010196160402800001,-0.012198388482,-0.0004265046704,-0.000190253689050293,4.9310849267578124e-05,0.0005836369328979492,1
76,-0.08020998656982671,0.35471859357798163,-0.3326516908817533,-0.06115722656472986,-0.3531494140621814,0.3248291015647298,-0.009921468668,-0.011618483708399999,-0.0006096324936000001,-0.000190253689050293,4.9310849267578124e-05,0.0005845009401977539,1
77,-0.06986326455657492,0.3644548895107034,-0.3220302771355759,-0.0554199218756371,-0.3509521484352701,0.3236083984352701,-0.0090973934634,-0.0096956415646,-0.0005485898860000001,-0.000190253689050293,4.9310849267578124e-05,0.0005845009401977539,1
78,-0.10081186668195719,0.35471859357798163,-0.3293553900611621,-0.07824707031090723,-0.3408203125025484,0.3387451171865443,-0.008883744336399999,-0.0051174459839999995,-0.0008843242286000001,-0.000190253689050293,4.9310849267578124e-05,0.0005845009401977539,1
79,-0.08872543035168196,0.35447442314984706,-0.33573434256880735,-0.08129882812436288,-0.3503417968756371,0.35546875,-0.008242796955,-0.012259431089599999,-0.0013726650904,-0.000190253689050293,4.9310849267578124e-05,0.0005845009401977539,1
80,-0.08433036259429154,0.36265413258409784,-0.3264253448929663,-0.08288574218654435,-0.35766601562691125,0.3623046875025484,-0.0082122756512,-0.0136634110676,-0.0011590159634000002,-0.000190253689050293,4.8889389025878906e-05,0.0005857969511596679,1
81,-0.08164448785423037,0.3691246490061162,-0.32480771578491335,-0.0703125,-0.3596191406269113,0.3591308593730887,-0.0089142656402,-0.014640092791600001,-0.0005485898860000001,-0.000190253689050293,4.8889389025878906e-05,0.0005857969511596679,1
82,-0.08982419728848114,0.36677450860856264,-0.3218471493119266,-0.0690917968756371,-0.3551025390621814,0.3543701171865443,-0.009799383452400001,-0.0165018923276,-0.0002128555434,-0.000190253689050293,4.8889389025878906e-05,0.0005857969511596679,1
83,-0.09336466853720693,0.3643938469062181,-0.32654743010703363,-0.072265625,-0.3551025390621814,0.3508300781243629,-0.0105318947454,-0.014060188018,-0.0004875472782,-0.00018983462805175782,5.0575230017089844e-05,0.0005862289548095703,1
84,-0.08494078866972476,0.36305090953618757,-0.32535709925586137,-0.07250976562691132,-0.3537597656269113,0.3435058593730887,-0.0111423208228,-0.0142127945374,-0.000762239013,-0.00018983462805175782,5.0575230017089844e-05,0.0005862289548095703,1
85,-0.08582590648318042,0.3641191551681957,-0.32401416188583076,-0.0698242187512742,-0.35839843749745154,0.3431396484352701,-0.0112338847344,-0.013571847156,-0.0009453668362,-0.00018983462805175782,5.0575230017089844e-05,0.0005862289548095703,1
86,-0.08600903430682977,0.37306189720183486,-0.31977170064729865,-0.06811523437308868,-0.3602294921865443,0.3433837890621815,-0.0116001403808,-0.013419240636799999,-0.0008538029245999999,-0.00018983462805175782,5.0575230017089844e-05,0.0005862289548095703,1
87,-0.08817604688073394,0.3727261628593272,-0.3134843120489296,-0.0690917968756371,-0.36499023437308864,0.3489990234352701,-0.0117222255962,-0.0136328897638,-0.0009148455324,-0.00018941556706542968,5.0575230017089844e-05,0.0005853649475097656,1
88,-0.08747405689092762,0.37400805762487255,-0.31363691856778797,-0.07128906249745158,-0.3638916015647298,0.3511962890621814,-0.0123936942814,-0.0144874862722,-0.0012811011788,-0.00018941556706542968,5.0575230017089844e-05,0.0005853649475097656,1
89,-0.06827615675840978,0.38969600781345565,-0.30570137956167176,-0.0515136718756371,-0.3861083984352701,0.337890625,-0.013675589044,-0.0121068245702,-0.0015863142176,-0.00018941556706542968,5.0575230017089844e-05,0.0005853649475097656,1
90,-0.10056769625382263,0.3798986692711518,-0.3076852643170235,-0.06286621093781855,-0.3601074218756371,0.36914062499999994,-0.0151100903258,-0.0016074960390000002,-0.0020746550794,-0.00018941556706542968,5.0575230017089844e-05,0.0005853649475097656,1
91,-0.10389451837410804,0.3540166035881753,-0.3321633500203873,-0.087890625,-0.3453369140621814,0.3597412109378185,-0.016208857265199998,-0.0108554511116,-0.0026850811568,-0.00019109181102294921,5.1839610778808595e-05,0.0005862289548095703,1
92,-0.08445244780835882,0.3625320473700306,-0.3266695153211009,-0.08752441406218145,-0.3570556640621814,0.3563232421865443,-0.016727719431,-0.016593456239200003,-0.0026240385491999997,-0.00019109181102294921,5.1839610778808595e-05,0.0005862289548095703,1
93,-0.09183860334352702,0.36555365645259935,-0.3255707483843017,-0.08020019531090723,-0.3568115234352701,0.3511962890621814,-0.0172160602928,-0.0161966792888,-0.0022272615988000004,-0.00019109181102294921,5.1839610778808595e-05,0.0005862289548095703,1
94,-0.09125869857288481,0.3647295812487258,-0.3258149188124363,-0.06994628906218144,-0.35717773437308864,0.3464355468756371,-0.017673879851,-0.017570137963000002,-0.0020441337756,-0.00019109181102294921,5.1839610778808595e-05,0.0005862289548095703,1
95,-0.09226590160040775,0.36213527041794086,-0.3228238310346585,-0.06689453124872578,-0.3527832031243629,0.3435058593730887,-0.0180706568012,-0.0177837870902,-0.0021356976872,-0.00018941556706542968,5.2261071020507814e-05,0.000587092962109375,1
96,-0.0919301672579001,0.36231839824159023,-0.3248992796992864,-0.0678710937512742,-0.35546875,0.3433837890621815,-0.018314827232199998,-0.0180890001288,-0.0024714320297999997,-0.00018941556706542968,5.2261071020507814e-05,0.000587092962109375,1
97,-0.08802344036187564,0.36521792211009174,-0.3217555853975535,-0.0671386718756371,-0.3602294921865443,0.3450927734352701,-0.0185589976632,-0.017448052747599998,-0.0027461237646,-0.00018941556706542968,5.2261071020507814e-05,0.000587092962109375,1
98,-0.08204126480122323,0.3693077768297655,-0.31800146502038734,-0.04907226562691131,-0.38012695312436284,0.3256835937512742,-0.0188031680942,-0.0160135514656,-0.003112379411,-0.00018941556706542968,5.2261071020507814e-05,0.000587092962109375,1
99,-0.06696374069317022,0.3955255768501529,-0.2982236601172273,-0.04199218750254842,-0.3912353515647298,0.357421875,-0.0196577646024,-0.006307776835,-0.003844890704,-0.00019109181102294921,5.2682531274414064e-05,0.0005879569694091797,1
100,-0.058661946039755344,0.4275119033078491,-0.28519106336391437,0.12023925781345565,-0.6571044921865443,0.38647460937308864,-0.0211227871882,0.0040999877847999995,-0.004516359389,-0.00019109181102294921,5.2682531274414064e-05,0.0005879569694091797,1
101,0.10731290440876656,0.6185142229255861,-0.10343669881753313,0.03576660156472986,-0.3178710937512742,0.5161132812487258,-0.0274101757854,0.0639827859778,-0.0034481137536,-0.00019109181102294921,5.2682531274414064e-05,0.0005879569694091797,1
102,-0.40559760713047904,0.2336405811264016,-0.36018190697247704,-0.2789306640621815,-0.16845703124872577,0.25952148437308864,-0.0384588877864,0.0931611524776,-0.012604504914599999,-0.00019109181102294921,5.2682531274414064e-05,0.0005879569694091797,1
103,-0.08976315468399593,0.21129898669215083,-0.4760407764627931,-0.24206542968909278,-0.3182373046890927,0.19274902343527012,-0.034094341333,-0.0198897570572,-0.0157176779094,-0.0001906727500366211,5.3946912023925784e-05,0.000587092962109375,1
104,-0.0037541203771661565,0.3437614454892966,-0.3905811256269113,-0.16174316406218142,-0.3620605468756371,0.2958984375025484,-0.024998992779799997,-0.0223925039746,-0.0102543645166,-0.0001906727500366211,5.3946912023925784e-05,0.000587092962109375,1
105,-0.07892809180937818,0.3719020876554536,-0.32547918446992863,-0.11120605468909277,-0.3560791015647298,0.37695312499999994,-0.020451318503,-0.0121068245702,-0.0028376876762,-0.0001906727500366211,5.3946912023925784e-05,0.000587092962109375,1
106,-0.09061775119266055,0.3643633256014271,-0.30716640215086644,-0.07470703124872578,-0.3563232421865443,0.3760986328134556,-0.020451318503,-0.008322182890400001,0.0007943474844,-0.0001906727500366211,5.3946912023925784e-05,0.000587092962109375,1
107,-0.08710780124362895,0.36784275424057084,-0.314247344648318,-0.04406738281345566,-0.3604736328134557,0.3432617187512742,-0.0222215541276,-0.004903796857,0.0009469540036,-0.00018941556706542968,5.605421326904297e-05,0.000588388973059082,1
108,-0.08811500427115188,0.36924673422018345,-0.32346477841488275,-0.03466796875127421,-0.3568115234352701,0.3247070312487258,-0.0233508423708,-0.006765596393,0.0004586131418,-0.00018941556706542968,5.605421326904297e-05,0.000588388973059082,1
109,-0.09162495422018348,0.3642412403873598,-0.324655109266055,-0.03466796875127421,-0.3568115234352701,0.3094482421865443,-0.023320321066799998,-0.0097261628684,-2.9727720199999998e-05,-0.00018941556706542968,5.605421326904297e-05,0.000588388973059082,1
110,-0.08271273348623853,0.36625564644240566,-0.3157123672324159,-0.04040527343527013,-0.3588867187512742,0.3094482421865443,-0.022740416293399998,-0.008902087664,-0.0020441337756,-0.00018983462805175782,5.605421326904297e-05,0.0005896849840209961,1
111,-0.1157062629714577,0.36170797216615697,-0.3203516054230377,-0.0690917968756371,-0.35205078124872574,0.3347167968756371,-0.022526767166199998,-0.0031946038402,-0.0036617628808,-0.00018983462805175782,5.605421326904297e-05,0.0005896849840209961,1
112,-0.09400561591743119,0.3694909046534149,-0.3189476254434251,-0.08166503906218144,-0.359375,0.3389892578134556,-0.0221910328236,-0.0102450250342,-0.0037838480962,-0.00018983462805175782,5.605421326904297e-05,0.0005896849840209961,1
113,-0.07987425222731906,0.3808753509938838,-0.30869246734454636,-0.07336425781345565,-0.3719482421865443,0.3463134765647299,-0.022801458901,-0.0094514711336,-0.0044247954774,-0.00018983462805175782,5.605421326904297e-05,0.0005896849840209961,1
114,-0.09571480893476045,0.3722988646075433,-0.3130264924923547,-0.07604980468909275,-0.3572998046890928,0.3503417968756371,-0.0239307471442,-0.005575265542000001,-0.004302710261999999,-0.00018983462805175782,5.6475673522949215e-05,0.0005901169876708984,1
115,-0.09516542546890927,0.3605176413149847,-0.32566231229357795,-0.07788085937308868,-0.35205078124872574,0.3381347656269113,-0.0243275240946,-0.010733365896200001,-0.0038143694,-0.00018983462805175782,5.6475673522949215e-05,0.0005901169876708984,1
116,-0.08552069344546381,0.3665913807849133,-0.32022952020387363,-0.07141113281345565,-0.3603515625025484,0.3288574218756371,-0.024235960182999998,-0.0160135514656,-0.004058539831,-0.00018983462805175782,5.6475673522949215e-05,0.0005901169876708984,1
117,-0.08893907947502548,0.3713221828848114,-0.3169026980835882,-0.06420898437308868,-0.3604736328134557,0.3269042968756371,-0.0239002258404,-0.018058478825,-0.0043332315658000005,-0.00018983462805175782,5.6475673522949215e-05,0.0005901169876708984,1
118,-0.08487974606523956,0.37113905506116207,-0.29178366499999997,-0.05480957031090723,-0.3686523437512742,0.32861328124872574,-0.0240223110558,-0.0209274813888,-0.0040890611348,-0.00018983462805175782,5.8582974780273436e-05,0.0005892529803710937,1
119,0.09608106458205912,0.5582651690876657,-0.2094066658511723,-0.02514648437308868,-0.40625,0.3515625,-0.0241749175752,-0.015921987554,-0.0050657428588000005,-0.00018983462805175782,5.8582974780273436e-05,0.0005892529803710937,1
120,-0.11869735074923546,0.47366011476044845,-0.14659382248725789,0.224609375,-0.5639648437512742,0.3953857421865443,-0.0264945366694,0.0057786594976,-0.0065307654444,-0.00018983462805175782,5.8582974780273436e-05,0.0005892529803710937,1
121,-0.36469905994393476,0.18169332193679916,-0.4416432669979612,-0.03137207031090724,-0.23010253906218145,0.4721679687512742,-0.0455703515882,0.0982276889202,-0.014466304450799999,-0.00018983462805175782,5.8582974780273436e-05,0.0005892529803710937,1
122,-0.012269564153924566,0.24832132828746176,-0.4646868514220183,-0.2659912109378185,-0.1616210937512742,0.23095703124872577,-0.0355898852226,-0.041071541943,-0.0180372970036,-0.00019151087200927736,5.8582974780273436e-05,0.0005896849840209961,1
123,-0.030887559515800203,0.34193016725790004,-0.37986814796636087,-0.21960449218654435,-0.2989501953109072,0.16516113281345565,-0.026341930149999998,-0.027764253455599998,-0.008758820627000001,-0.00019151087200927736,5.8582974780273436e-05,0.0005896849840209961,1
124,-0.07346477841488278,0.36274569649847094,-0.32572335490316007,-0.1604003906269113,-0.3446044921865443,0.2667236328134556,-0.0217332132656,-0.023765962648599998,-0.0029597728916000003,-0.00019151087200927736,5.8582974780273436e-05,0.0005896849840209961,1
125,-0.08100354046890929,0.36714076425586134,-0.3054572091335372,-0.10009765624872578,-0.35522460937308864,0.3542480468756371,-0.020726010238,-0.0243153461184,-0.0015557929136000002,-0.00019151087200927736,5.8582974780273436e-05,0.0005896849840209961,1
126,-0.0915333903058104,0.37214625808868496,-0.3043889634964322,-0.05297851562691131,-0.3626708984352701,0.3693847656269113,-0.022465724558600002,-0.0236133561294,-0.0006401537976,-0.00018983462805175782,5.9425895275878905e-05,0.0005905489913208008,1
127,-0.08750457819571865,0.3754730802089704,-0.31116469295616717,-0.029296875,-0.3666992187512742,0.3460693359378185,-0.0233508423708,-0.0283136369254,-0.0017389207368,-0.00018983462805175782,5.9425895275878905e-05,0.0005905489913208008,1
128,-0.10288731534658513,0.3643938469062181,-0.3171773898165138,-0.01806640624872579,-0.3610839843730887,0.32543945312436284,-0.023778140625,-0.0288324990912,-0.0046384446046,-0.00018983462805175782,5.9425895275878905e-05,0.0005905489913208008,1
129,-0.10578683921508664,0.3546880722731906,-0.32621169576452597,-0.04699707031090723,-0.3481445312487258,0.3260498046890928,-0.023747619321,-0.0323119277324,-0.005950860671,-0.00018983462805175782,5.9425895275878905e-05,0.0005905489913208008,1
130,-0.09452447808358817,0.36100598217635066,-0.3232511292864424,-0.06774902343527013,-0.3503417968756371,0.3276367187512742,-0.0229540654204,-0.03237297034,-0.007354840649,-0.00019276805498046875,6.0690276025390624e-05,0.0005905489913208008,1
131,-0.0796606030988787,0.3753815162996942,-0.314705164204893,-0.06750488281345565,-0.3673095703109072,0.3345947265647298,-0.0229540654204,-0.028374679532999998,-0.008667256715400001,-0.00019276805498046875,6.0690276025390624e-05,0.0005905489913208008,1
132,-0.10322304968909275,0.3683616164067278,-0.31415578073394496,-0.06372070312436288,-0.3623046875025484,0.3540039062487258,-0.0236255341056,-0.0214158222506,-0.0084536075884,-0.00019276805498046875,6.0690276025390624e-05,0.0005905489913208008,1
133,-0.09885850323649338,0.359632523501529,-0.325173971432212,-0.07824707031090723,-0.3511962890621814,0.3500976562487258,-0.0242664814868,-0.027977902582799998,-0.0088503845386,-0.00019109181102294921,5.9425895275878905e-05,0.0005901169876708984,1
134,-0.08677206690112131,0.36677450860856264,-0.32303748016309886,-0.07714843750254842,-0.3575439453109072,0.3381347656269113,-0.0245106519178,-0.033807471622,-0.009613417135400001,-0.00019109181102294921,5.9425895275878905e-05,0.0005901169876708984,1
135,-0.08848125991845056,0.36775119033129455,-0.325692833598369,-0.07641601562691132,-0.3565673828134556,0.3350830078134557,-0.0243885667024,-0.034387376395399995,-0.009002991057999999,-0.00019109181102294921,5.9425895275878905e-05,0.0005901169876708984,1
136,-0.08616164082568807,0.3685142229255861,-0.3223660114780835,-0.0795898437512742,-0.3586425781243629,0.3360595703109072,-0.024571694525600003,-0.0338379929258,-0.0087282993232,-0.00019109181102294921,5.9425895275878905e-05,0.0005901169876708984,1
137,-0.08231595653924566,0.3702539372477064,-0.319924307166157,-0.08020019531090723,-0.3621826171865443,0.3345947265647298,-0.024419088006199997,-0.032403491644,-0.009002991057999999,-0.00019151087200927736,6.153319653320313e-05,0.0005914129986206055,1
138,-0.07032108411824668,0.3826150653160041,-0.31061530948521915,-0.06286621093781855,-0.3745117187512742,0.3314208984352701,-0.024815864956599997,-0.027764253455599998,-0.008056830638,-0.00019151087200927736,6.153319653320313e-05,0.0005914129986206055,1
139,-0.07804297399592253,0.39024539128440366,-0.30243560005096837,-0.04980468750254842,-0.3876953125025484,0.3547363281243629,-0.0256704614648,-0.0179058723056,-0.0079957880302,-0.00019151087200927736,6.153319653320313e-05,0.0005914129986206055,1
140,0.0014955438888888887,0.4835795385168195,-0.25991942375637106,0.06311035156472987,-0.5784912109378185,0.341796875,-0.0277153888242,-0.003713466006,-0.0096744597432,-0.00019151087200927736,6.153319653320313e-05,0.0005914129986206055,1
141,0.06247710902140672,0.5530765474311927,-0.10630570138124362,0.1203613281243629,-0.4641113281243629,0.5291748046890927,-0.036688652162,0.08171566352639999,-0.0090335123618,-0.00019109181102294921,6.195465677490235e-05,0.0005909809949707031,1
142,-0.4206446099388379,0.21401538273700305,-0.39964595287461774,-0.24353027343527014,-0.19396972656472986,0.3186035156269113,-0.0445631485604,0.0821429617806,-0.0145273470584,-0.00019109181102294921,6.195465677490235e-05,0.0005909809949707031,1
143,-0.07108411671253823,0.2311378342099898,-0.46859357831804277,-0.2619628906269113,-0.2817382812487258,0.16125488281345565,-0.037848461709,-0.032128799909,-0.0187392869926,-0.00019109181102294921,6.195465677490235e-05,0.0005909809949707031,1
144,-0.023013063119266056,0.3385117812232416,-0.3875900378440367,-0.1806640625025484,-0.3538818359378185,0.20690917968909275,-0.0286615492442,-0.029870223422599998,-0.011353131456,-0.00019109181102294921,6.195465677490235e-05,0.0005909809949707031,1
145,-0.08716884385321101,0.36240996215596327,-0.3250213649133537,-0.1076660156269113,-0.3544921875025484,0.3276367187512742,-0.0223131180392,-0.0219346844164,-0.005401477201400001,-0.00019109181102294921,6.364049777832032e-05,0.0005922770059204102,1
146,-0.10252105969928643,0.36408863386850154,-0.3060676352089704,-0.06738281249745158,-0.3602294921865443,0.3778076171865443,-0.0213364363154,-0.020256012703599998,-0.0032039433226,-0.00019109181102294921,6.364049777832032e-05,0.0005922770059204102,1
147,-0.1067024783282365,0.36830057380224257,-0.3009705774617737,-0.041015625,-0.3619384765647299,0.3624267578134556,-0.022465724558600002,-0.0195235014108,-0.0031429007150000003,-0.00019109181102294921,6.364049777832032e-05,0.0005922770059204102,1
148,-0.10786228787461773,0.3665913807849133,-0.31122573556574923,-0.03564453124872579,-0.3538818359378185,0.3217773437512742,-0.0238086619288,-0.0219041631126,-0.0054319985052,-0.00019109181102294921,6.364049777832032e-05,0.0005922770059204102,1
149,-0.11012086436289499,0.3572518617991845,-0.31473568550968395,-0.0534667968756371,-0.3464355468756371,0.27929687499999994,-0.024235960182999998,-0.0259329752234,-0.007171712825800001,-0.00019276805498046875,6.448341827392579e-05,0.0005922770059204102,1
150,-0.10548162617737002,0.35645830790010197,-0.31931388109072373,-0.07434082031090723,-0.3486328125025484,0.26171875,-0.022801458901,-0.025597240880800003,-0.0088503845386,-0.00019276805498046875,6.448341827392579e-05,0.0005922770059204102,1
151,-0.10804541569826706,0.3531620070795107,-0.3247161518756371,-0.0991210937512742,-0.34765625,0.2756347656269113,-0.020726010238,-0.0222093761514,-0.0103764497322,-0.00019276805498046875,6.448341827392579e-05,0.0005922770059204102,1
152,-0.0878403125382263,0.36634721035168194,-0.3165364424362895,-0.1069335937512742,-0.3564453125025484,0.3018798828134556,-0.018253784624400003,-0.023338664394399997,-0.0102848858206,-0.00019276805498046875,6.448341827392579e-05,0.0005922770059204102,1
153,-0.08857282383282365,0.3702844585524974,-0.3128433646687054,-0.10278320312436288,-0.3591308593730887,0.32080078124872574,-0.016330942480600002,-0.023155536571199998,-0.0013421437866,-0.0001919299330078125,6.616925927734376e-05,0.0005914129986206055,1
154,-0.08552069344546381,0.3717800024413863,-0.3140947381294597,-0.09777832031090723,-0.36328125,0.3227539062487258,-0.015720516403199998,-0.0221788548474,-0.0073243193452,-0.0001919299330078125,6.616925927734376e-05,0.0005914129986206055,1
155,-0.08411671346585117,0.37043706507135576,-0.3169026980835882,-0.09069824218654435,-0.3604736328134557,0.31567382812436284,-0.0155679098838,-0.018668904902400002,-0.0061339884941999994,-0.0001919299330078125,6.616925927734376e-05,0.0005914129986206055,1
156,-0.08927481381753312,0.3652484434148827,-0.3187339763149847,-0.0825195312487258,-0.35717773437308864,0.3177490234352701,-0.0152321755414,-0.017112318405,-0.005920339367,-0.0001919299330078125,6.616925927734376e-05,0.0005914129986206055,1
157,-0.09363936027522936,0.36317299475025483,-0.32206079843527013,-0.07739257812436288,-0.3538818359378185,0.3189697265647298,-0.0144691429446,-0.016410328416,-0.005493041113000001,-0.00019276805498046875,6.659071953125e-05,0.0005914129986206055,1
158,-0.0976681723853211,0.361738493470948,-0.3222744475637105,-0.07543945312436288,-0.3524169921865443,0.3256835937512742,-0.013889238171,-0.016593456239200003,-0.0055235624168,-0.00019276805498046875,6.659071953125e-05,0.0005914129986206055,1
159,-0.10139177145769622,0.3618910999898063,-0.3211146380173292,-0.07275390624872578,-0.3547363281243629,0.33203125,-0.013492461220799999,-0.017448052747599998,-0.0060729458864,-0.00019276805498046875,6.659071953125e-05,0.0005914129986206055,1
160,-0.10410816750254842,0.3679037968501529,-0.3151629837614679,-0.06762695312436288,-0.3615722656269113,0.3414306640621814,-0.0134619399168,-0.0182110853444,-0.0064697228368,-0.00019234899399414061,6.785510028076172e-05,0.0005922770059204102,1
161,-0.10514589183486237,0.3754730802089704,-0.3062812843374108,-0.06286621093781855,-0.3677978515647298,0.33740234375127415,-0.014011323386600001,-0.019218288372,-0.0073243193452,-0.00019234899399414061,6.785510028076172e-05,0.0005922770059204102,1
162,-0.10374191185524974,0.3770601880122324,-0.303778537420999,-0.059936523435270124,-0.3670654296890927,0.3332519531243629,-0.0146522707678,-0.0207443535656,-0.0085451715,-0.00019234899399414061,6.785510028076172e-05,0.0005922770059204102,1
163,-0.10273470882772681,0.3746490050050968,-0.30435844219164115,-0.06274414062691132,-0.3680419921865443,0.3211669921865443,-0.015323739453,-0.022880844836400002,-0.0094913319198,-0.00019234899399414061,6.785510028076172e-05,0.0005922770059204102,1
164,-0.0988890245412844,0.37339763154434247,-0.30887559516309887,-0.07006835937308868,-0.36596679687563705,0.3084716796890928,-0.015323739453,-0.0239490904718,-0.0103154071244,-0.00019276805498046875,6.827656053466797e-05,0.0005935730168823242,1
165,-0.09135026248216106,0.37602246367991843,-0.30823464778287457,-0.07543945312436288,-0.3695068359378185,0.3023681640621814,-0.0146827920716,-0.022880844836400002,-0.0110479184172,-0.00019276805498046875,6.827656053466797e-05,0.0005935730168823242,1
166,-0.08051519960754332,0.3861250152599388,-0.30445000610601425,-0.06945800781345565,-0.3803710937512742,0.3146972656269113,-0.014347057728999999,-0.017448052747599998,-0.0112005249366,-0.00019276805498046875,6.827656053466797e-05,0.0005935730168823242,1
167,-0.0718776706116208,0.3976010255147808,-0.2916310584811417,-0.06604003906218144,-0.3907470703109072,0.3297119140621814,-0.01459122816,-0.009115736791,-0.0113226101522,-0.00019276805498046875,6.827656053466797e-05,0.0005935730168823242,1
168,-0.07453302405198776,0.40565864974006116,-0.28958613112130477,-0.028076171875637105,-0.4803466796890927,0.3096923828134556,-0.01553738858,-0.0009360273538,-0.0114446953676,-0.00019276805498046875,6.827656053466797e-05,0.0005935730168823242,1
169,0.1885300940061162,0.6179037968501528,-0.1157062629714577,0.15686035156472986,-0.4190673828134556,0.4445800781243629,-0.0194746367792,0.0489968257776,-0.011261567544400001,-0.00019276805498046875,6.827656053466797e-05,0.0005935730168823242,1
170,-0.44301672567278283,0.2703882309836901,-0.31143938468909277,-0.2358398437512742,-0.17370605468909275,0.3276367187512742,-0.0297908374874,0.1006693932298,-0.0136422292462,-0.00019276805498046875,6.827656053466797e-05,0.0005935730168823242,1
171,-0.09830911976554535,0.2397753632059123,-0.44179587352191635,-0.2811279296890927,-0.2854003906269113,0.16052246093781855,-0.026525057973199997,-0.022880844836400002,-0.018891893511799998,-0.00019276805498046875,6.827656053466797e-05,0.0005935730168823242,1
172,-0.011903308511722731,0.3450738615545362,-0.3799902331804281,-0.1916503906269113,-0.35839843749745154,0.20690917968909275,-0.0177044011548,-0.0288324990912,-0.012024600141200001,-0.000193606176953125,6.95409412841797e-05,0.0005931410132324218,1
173,-0.08530704431702345,0.3769686240978593,-0.32953851788481137,-0.1125488281243629,-0.3669433593730887,0.3356933593730887,-0.0116001403808,-0.0181500427366,-0.0048520937316,-0.000193606176953125,6.95409412841797e-05,0.0005931410132324218,1
174,-0.08900012208460753,0.37727383714067275,-0.29694176535168193,-0.06164550781345565,-0.3726806640621814,0.4030761718756371,-0.0104403308338,-0.018058478825,-0.0017694420408,-0.000193606176953125,6.95409412841797e-05,0.0005931410132324218,1
175,-0.10474911488277268,0.382065681845056,-0.2913868880479103,-0.03674316406218144,-0.3724365234352701,0.38793945312436284,-0.0121800451542,-0.0175396166592,-0.0012811011788,-0.000193606176953125,6.95409412841797e-05,0.0005931410132324218,1
176,-0.10654987180937818,0.3805396166513761,-0.3037174948114169,-0.028076171875637105,-0.3677978515647298,0.3480224609378186,-0.0155679098838,-0.021263215731399998,-0.0034481137536,-0.000193606176953125,6.95409412841797e-05,0.0005935730168823242,1
177,-0.1061530948623853,0.37235990721712536,-0.3118972042507645,-0.04931640624872578,-0.3564453125025484,0.310546875,-0.0170939750774,-0.026757050428,-0.0050962641626,-0.000193606176953125,6.95409412841797e-05,0.0005935730168823242,1
178,-0.10456598705912334,0.36418019777777777,-0.3140031742150866,-0.07165527343527013,-0.35668945312436284,0.2935791015647298,-0.0172771029006,-0.027367476505399998,-0.007110670218,-0.000193606176953125,6.95409412841797e-05,0.0005935730168823242,1
179,-0.09898058845056065,0.3659504334046891,-0.31510194115698265,-0.08691406250254842,-0.3572998046890928,0.3046875,-0.0166361555194,-0.025047857411199997,-0.008667256715400001,-0.000193606176953125,6.95409412841797e-05,0.0005935730168823242,1
180,-0.09727139543323139,0.36680502991335373,-0.31772677328746174,-0.09045410156472986,-0.3641357421865443,0.3210449218756371,-0.015293218148999999,-0.0248036869802,-0.008667256715400001,-0.0001944442989379883,6.95409412841797e-05,0.0005935730168823242,1
181,-0.09113661335372068,0.37330606763506624,-0.3138200463914373,-0.08654785156472987,-0.3693847656269113,0.3341064453109072,-0.0145607068562,-0.0266960078202,-0.0084841288922,-0.0001944442989379883,6.95409412841797e-05,0.0005935730168823242,1
182,-0.09034305945463812,0.3754730802089704,-0.30850933952089704,-0.0803222656269113,-0.3687744140621814,0.3389892578134556,-0.0145607068562,-0.0276116469364,-0.0083315223728,-0.0001944442989379883,6.95409412841797e-05,0.0005935730168823242,1
183,-0.09217433768603465,0.3785862532059123,-0.3044194848012232,-0.07617187499999999,-0.3762207031243629,0.3343505859378185,-0.0148964411988,-0.0270622634666,-0.0077821389032,-0.000193606176953125,7.08053220336914e-05,0.0005931410132324218,1
184,-0.09470760590723751,0.3820962031498471,-0.3041142717635066,-0.07543945312436288,-0.37231445312436284,0.333984375,-0.0158426016188,-0.027459040417,-0.0076295323838,-0.000193606176953125,7.08053220336914e-05,0.0005931410132324218,1
185,-0.0965999267482161,0.3766939323649337,-0.3092418508103975,-0.07702636718654433,-0.3692626953109072,0.3393554687512742,-0.016330942480600002,-0.0280389451904,-0.008056830638,-0.000193606176953125,7.08053220336914e-05,0.0005931410132324218,1
186,-0.09702722500509683,0.3775180075688073,-0.31049322427115184,-0.07775878906218145,-0.3674316406269113,0.3438720703109072,-0.0167887620386,-0.0289240630028,-0.0081178732458,-0.000193606176953125,7.08053220336914e-05,0.0005931410132324218,1
187,-0.09717983152395514,0.37831156146788986,-0.3071053595412844,-0.07995605468909275,-0.3690185546890927,0.3452148437512742,-0.018528476359199998,-0.0276116469364,-0.0084230862844,-0.0001944442989379883,7.249116303710937e-05,0.0005948690278320312,1
188,-0.09965205713557594,0.3813636918552497,-0.3043889634964322,-0.07421874999999999,-0.375,0.3415527343730887,-0.0191083811328,-0.0262076669582,-0.008514650196,-0.0001944442989379883,7.249116303710937e-05,0.0005948690278320312,1
189,-0.1067024783282365,0.3816383835932722,-0.2998107679153924,-0.07312011718654433,-0.3757324218756371,0.34741210937308864,-0.0203292332876,-0.0256888047924,-0.0088503845386,-0.0001944442989379883,7.249116303710937e-05,0.0005948690278320312,1
190,-0.10978513002038734,0.3838053961671763,-0.29898669271151884,-0.07043457031090723,-0.3767089843730887,0.3463134765647299,-0.021214351099799997,-0.0256888047924,-0.009613417135400001,-0.0001944442989379883,7.249116303710937e-05,0.0005948690278320312,1
191,-0.11005982175331294,0.38685752655453615,-0.2963008179714577,-0.06652832031090723,-0.3787841796890927,0.3446044921865443,-0.022709894989399997,-0.026055060438999997,-0.010468013643800001,-0.0001948633599243164,7.08053220336914e-05,0.0005931410132324218,1
192,-0.10795385178899083,0.38881088999999996,-0.29309608106523954,-0.06567382812436288,-0.3781738281243629,0.33740234375127415,-0.023533970193999998,-0.0271233060744,-0.0115057379754,-0.0001948633599243164,7.08053220336914e-05,0.0005931410132324218,1
193,-0.1053595409582059,0.3886582834811417,-0.2915394945667686,-0.06542968749745158,-0.37866210937308864,0.3270263671865443,-0.024937950172,-0.0282220730138,-0.012696068826199999,-0.0001948633599243164,7.08053220336914e-05,0.0005931410132324218,1
194,-0.0994689293119266,0.39030643388888886,-0.2898913441590214,-0.0659179687512742,-0.3813476562487258,0.3214111328134557,-0.0260061958074,-0.027153827378199998,-0.0134285801192,-0.0001948633599243164,7.08053220336914e-05,0.0005931410132324218,1
195,-0.09232694420489296,0.3920156269062181,-0.2916921010856269,-0.0729980468756371,-0.3874511718756371,0.31640625,-0.0267692284042,-0.0223925039746,-0.014405261843,-0.00019528242091064452,7.417700402832031e-05,0.0005931410132324218,1
196,0.004364546452599388,0.480680014648318,-0.26016359418960244,0.11486816406218145,-0.6916503906269112,0.3745117187512742,-0.0275933036086,-0.0137549749792,-0.0151377731358,-0.00019528242091064452,7.417700402832031e-05,0.0005931410132324218,1
197,0.07914174093272171,0.5565864973751274,-0.1013612501529052,-0.04003906250254842,-0.3308105468756371,0.4998779296890928,-0.0354067573994,0.0779615431504,-0.0155345500862,-0.00019528242091064452,7.417700402832031e-05,0.0005931410132324218,1
198,-0.4585825906472986,0.20727017458205912,-0.39494567207951065,-0.33593749999999994,-0.21191406249745157,0.2584228515647298,-0.0437695946598,0.0751535831944,-0.018800329600200002,-0.00019528242091064452,7.417700402832031e-05,0.0005931410132324218,1
199,-0.03613722378185525,0.2556159199133537,-0.4419484800407747,-0.2521972656269113,-0.3328857421865443,0.13049316406218145,-0.0368107373774,-0.0447035771036,-0.020967342175,-0.0001944442989379883,7.628430528564453e-05,0.0005931410132324218,1
200,-0.04315712367482161,0.3539250396788991,-0.3684531803211009,-0.17272949218654435,-0.3625488281243629,0.20666503906218145,-0.0275627823048,-0.0357303137658,-0.0131538883844,-0.0001944442989379883,7.628430528564453e-05,0.0005931410132324218,1
201,-0.08903064338939858,0.3711695763659531,-0.3247466731753313,-0.11584472656472987,-0.3588867187512742,0.3238525390621814,-0.0216111280502,-0.0290156269144,-0.006439201532800001,-0.0001944442989379883,7.628430528564453e-05,0.0005931410132324218,1
202,-0.09251007202854229,0.36881943596839956,-0.3030765474311926,-0.0827636718756371,-0.365234375,0.3608398437512742,-0.0185589976632,-0.0289545843066,-0.003112379411,-0.0001944442989379883,7.628430528564453e-05,0.0005931410132324218,1
203,-0.09843120497961264,0.3733671102446483,-0.3034733243781855,-0.06848144531090723,-0.3668212890621814,0.3479003906269113,-0.019444115475400002,-0.029198754737600002,-0.00286820898,-0.00019528242091064452,7.501992453613281e-05,0.0005927090095825195,1
204,-0.0953790745922528,0.37437431327217124,-0.3101269686238532,-0.07128906249745158,-0.36303710937308864,0.3272705078134556,-0.020603925022399997,-0.0308469051466,-0.00286820898,-0.00019528242091064452,7.501992453613281e-05,0.0005927090095825195,1
205,-0.10310096447502548,0.3688499572680938,-0.3107984373088685,-0.09143066406218145,-0.3570556640621814,0.3045654296890927,-0.0210007019728,-0.0329833964174,-0.0026240385491999997,-0.00019528242091064452,7.501992453613281e-05,0.0005927090095825195,1
206,-0.10810645830784912,0.3678732755453618,-0.3073190086697247,-0.10778808593781855,-0.36132812499999994,0.2933349609378185,-0.020939659365000002,-0.0332275668484,-0.0038754120078,-0.0001957014819091797,7.670576553955078e-05,0.0005940050205322266,1
207,-0.10542058356778797,0.37214625808868496,-0.3076547430122324,-0.10778808593781855,-0.3712158203109072,0.3009033203109072,-0.020024020248999998,-0.032830789898,-0.0034786350574,-0.0001957014819091797,7.670576553955078e-05,0.0005940050205322266,1
208,-0.10114760102446484,0.37922720058613657,-0.30408375045871555,-0.10644531249745157,-0.3712158203109072,0.31738281249745154,-0.0191389024366,-0.0313352460084,-0.0026240385491999997,-0.0001957014819091797,7.670576553955078e-05,0.0005940050205322266,1
209,-0.10389451837410804,0.3802954462232416,-0.3004211939959225,-0.10131835937308868,-0.3679199218756371,0.3304443359378185,-0.0189557746134,-0.0311215968814,-0.0025324746376,-0.0001957014819091797,7.670576553955078e-05,0.0005940050205322266,1
210,-0.10731290440876656,0.37797582712538225,-0.3035954095973496,-0.10705566406218145,-0.3679199218756371,0.3304443359378185,-0.019047338525000002,-0.0320982786052,-0.0019220485601999999,-0.0001944442989379883,7.670576553955078e-05,0.0005931410132324218,1
211,-0.09992674886850153,0.3814552557696228,-0.2986204370642202,-0.10168457031090723,-0.3715820312487258,0.318359375,-0.019444115475400002,-0.0350283237768,-0.0009148455324,-0.0001944442989379883,7.670576553955078e-05,0.0005931410132324218,1
212,-0.10575631791029562,0.38630814308358813,-0.2948357953873598,-0.09741210937308868,-0.3796386718756371,0.318359375,-0.0200545415528,-0.0335022585832,-0.0008843242286000001,-0.0001944442989379883,7.670576553955078e-05,0.0005931410132324218,1
213,-0.10893053351172273,0.3858808448318043,-0.28912831155963303,-0.10119628906218145,-0.3758544921865443,0.3104248046890927,-0.020603925022399997,-0.0330139177214,-0.0004265046704,-0.0001944442989379883,7.670576553955078e-05,0.0005931410132324218,1
214,-0.10947991698267073,0.38362226834352703,-0.2934012941029562,-0.10449218750254842,-0.37280273437308864,0.306640625,-0.0208480954534,-0.0320677573014,3.13148876e-05,-0.0001948633599243164,7.79701462890625e-05,0.0005927090095825195,1
215,-0.10987669393476045,0.3811500427319062,-0.2967586375280326,-0.10729980468909275,-0.3751220703109072,0.3122558593730887,-0.0209091380612,-0.029992308638200002,-9.0770328e-05,-0.0001948633599243164,7.79701462890625e-05,0.0005927090095825195,1
216,-0.1075265535321101,0.38157734098369006,-0.2973995849082569,-0.1047363281243629,-0.3747558593730887,0.3217773437512742,-0.0212448724038,-0.0285578073562,0.0006112196612,-0.0001948633599243164,7.79701462890625e-05,0.0005927090095825195,1
217,-0.1075265535321101,0.389390794775739,-0.29663655231396535,-0.1005859375025484,-0.3715820312487258,0.3236083984352701,-0.0214585215308,-0.0266654865164,0.0012521670424,-0.0001948633599243164,7.79701462890625e-05,0.0005927090095825195,1
218,-0.09122817726809379,0.39494567207951065,-0.2887315346126402,-0.09350585937308868,-0.3787841796890927,0.3153076171865443,-0.0217942558734,-0.026726529124,0.0012216457386,-0.0001948633599243164,7.965598728027344e-05,0.0005922770059204102,1
219,-0.11356977170234454,0.38487364180428135,-0.2909595897961264,-0.08178710937308868,-0.3887939453109072,0.3193359375025484,-0.030096050526,-0.022941887444199997,0.0017710292082000001,-0.0001948633599243164,7.965598728027344e-05,0.0005922770059204102,1
220,-0.10493224270642201,0.3813636918552497,-0.2974606275178389,-0.09851074218654433,-0.3668212890621814,0.3168945312487258,-0.0231677145476,-0.0172038823166,0.0012826883462,-0.0001948633599243164,7.965598728027344e-05,0.0005922770059204102,1
221,0.16087779270132516,0.5841167134658511,-0.1896593822477064,-0.0788574218756371,-0.4080810546890927,0.3037109375025484,-0.0245106519178,0.002177145641,0.0016184226888,-0.0001948633599243164,7.965598728027344e-05,0.0005922770059204102,1
222,-0.1433585642762487,0.4549200341845056,-0.14354169209989806,0.12756347656472986,-0.6870117187512742,0.42944335937308864,-0.035742491742,0.1195315590214,0.0022898913740000003,-0.0001948633599243164,7.923452703857422e-05,0.0005918450022705078,1
223,-0.43083872542813456,0.18999511659021406,-0.4241850811875637,-0.17565917968909275,-0.24353027343527014,0.4680175781243629,-0.039954431676,0.0522320839878,-0.0029292515878,-0.0001948633599243164,7.923452703857422e-05,0.0005918450022705078,1
224,-0.027316566962283385,0.2934623367125382,-0.4021792210958206,-0.3087158203109072,-0.24804687499999997,0.20288085937308867,-0.0321409778854,-0.0407663289044,-0.0029292515878,-0.0001948633599243164,7.923452703857422e-05,0.0005918450022705078,1
225,-0.10242949579001019,0.36793431815494393,-0.3412586985728848,-0.18566894531090722,-0.35302734375127415,0.1252441406269113,-0.0241138749676,-0.019706629234,0.0040296056946,-0.0001948633599243164,7.923452703857422e-05,0.0005918450022705078,1
226,-0.11439384690621814,0.3740691002344546,-0.30692223171763505,-0.10241699218654435,-0.3684082031243629,0.21289062499999997,-0.018497955055399997,-0.0200423635766,0.0061355756615999995,-0.0001944442989379883,8.134182828369141e-05,0.0005905489913208008,1
227,-0.12333658893985727,0.365858869490316,-0.2938591136595311,-0.06213378906218145,-0.3599853515647298,0.3151855468756371,-0.016361463784600003,-0.0184552557752,0.0057082774073999995,-0.0001944442989379883,8.134182828369141e-05,0.0005905489913208008,1
228,-0.1227261628593272,0.36714076425586134,-0.30167256745158005,-0.05883789062691131,-0.3581542968756371,0.3376464843730887,-0.0169108472542,-0.018546819686799998,0.004182212213999999,-0.0001944442989379883,8.134182828369141e-05,0.0005905489913208008,1
229,-0.11237944085117227,0.3697045537767584,-0.30350384568297656,-0.05957031250254841,-0.36303710937308864,0.3330078125025484,-0.017399188116,-0.021385300946800002,0.002045720943,-0.0001944442989379883,8.134182828369141e-05,0.0005905489913208008,1
230,-0.11860578683995923,0.37297033329255863,-0.2946526675637105,-0.0690917968756371,-0.3662109375025484,0.3089599609378185,-0.0177349224586,-0.020652789653999998,0.0007638261804000001,-0.000193606176953125,8.092036804199219e-05,0.0005914129986206055,1
231,-0.11848370162589195,0.37849468929153923,-0.2911427176146789,-0.09240722656472986,-0.3692626953109072,0.275390625,-0.01742970942,-0.020408619223,-2.9727720199999998e-05,-0.000193606176953125,8.092036804199219e-05,0.0005914129986206055,1
232,-0.11186057868501528,0.3860334513506626,-0.2882126724464832,-0.10021972656472986,-0.3780517578134556,0.2655029296890927,-0.0163004211768,-0.0202865340074,-0.000792760317,-0.000193606176953125,8.092036804199219e-05,0.0005914129986206055,1
233,-0.11167745086136593,0.3908558173598369,-0.28473324380224263,-0.09558105468909275,-0.3822021484352701,0.2803955078134557,-0.015262696845200001,-0.021049566604199998,-0.0005485898860000001,-0.00019276805498046875,8.092036804199219e-05,0.0005905489913208008,1
234,-0.11549261384301732,0.39244292516309887,-0.2828104016615698,-0.09143066406218145,-0.38476562499999994,0.3055419921865443,-0.0146827920716,-0.020652789653999998,-0.0004875472782,-0.00019276805498046875,8.092036804199219e-05,0.0005905489913208008,1
235,-0.11356977170234454,0.3918019777828746,-0.2825357099235474,-0.0932617187512742,-0.38476562499999994,0.318359375,-0.0151100903258,-0.0210190453004,-0.0010369307478,-0.00019276805498046875,8.092036804199219e-05,0.0005905489913208008,1
236,-0.11106702478083588,0.3919851056014271,-0.2843364668552497,-0.0932617187512742,-0.3822021484352701,0.3200683593730887,-0.0159646868342,-0.0196455866262,-0.0011895372672,-0.00019276805498046875,8.092036804199219e-05,0.0005905489913208008,1
237,-0.11295934562181448,0.39015382737003057,-0.2869307776809378,-0.08898925781345565,-0.38012695312436284,0.31738281249745154,-0.0168803259502,-0.0189130753334,-0.0013421437866,-0.0001944442989379883,8.092036804199219e-05,0.0005905489913208008,1
238,-0.11210474911314983,0.3885667195718654,-0.28754120376146786,-0.08642578124872578,-0.3792724609378185,0.3050537109378185,-0.0175517946354,-0.0189130753334,-0.0018610059524,-0.0001944442989379883,8.092036804199219e-05,0.0005905489913208008,1
239,-0.10978513002038734,0.3860944939551478,-0.2892198754740061,-0.08569335937308868,-0.3767089843730887,0.2947998046890927,-0.0175212733316,-0.0186383835984,-0.0020136124718000002,-0.0001944442989379883,8.092036804199219e-05,0.0005905489913208008,1
240,-0.1109449395667686,0.3847515565851172,-0.2912037602242609,-0.0861816406269113,-0.3776855468756371,0.2955322265647299,-0.017338145508400002,-0.019279330979800002,-0.0024103894220000002,-0.0001944442989379883,8.092036804199219e-05,0.0005905489913208008,1
241,-0.11054816261977572,0.3856671957033639,-0.2885484067889908,-0.0866699218756371,-0.3757324218756371,0.29858398437308864,-0.016941368558000002,-0.0198897570572,-0.0029597728916000003,-0.00019402523795166015,8.302766928710938e-05,0.0005909809949707031,1
242,-0.11179953607543322,0.3832865340010193,-0.2912037602242609,-0.09216308593781855,-0.3757324218756371,0.3051757812487258,-0.0168498046464,-0.0207138322616,-0.0029902941956000003,-0.00019402523795166015,8.302766928710938e-05,0.0005909809949707031,1
243,-0.11030399218654434,0.38365278964831806,-0.2926687828083588,-0.09277343750254842,-0.3741455078134556,0.3038330078134557,-0.016605634215399998,-0.021202173123600003,-0.0032344646266000004,-0.00019402523795166015,8.302766928710938e-05,0.0005909809949707031,1
244,-0.10932731046381243,0.38362226834352703,-0.29395067757390414,-0.0900878906269113,-0.3745117187512742,0.3048095703109072,-0.016605634215399998,-0.0209580026926,-0.003570198969,-0.00019402523795166015,8.302766928710938e-05,0.0005909809949707031,1
245,-0.11134171651885831,0.3820962031498471,-0.2942558906116208,-0.08728027343527013,-0.3719482421865443,0.3001708984352701,-0.016361463784600003,-0.0198897570572,-0.0037228054884,-0.0001944442989379883,8.302766928710938e-05,0.000588388973059082,1
246,-0.11186057868501528,0.3812721279459735,-0.29681968013761467,-0.08801269531090723,-0.3715820312487258,0.2918701171865443,-0.0161783359612,-0.019126724460399997,-0.0039059333116,-0.0001944442989379883,8.302766928710938e-05,0.000588388973059082,1
247,-0.11042607740061161,0.38185203271661566,-0.2956293492864424,-0.08947753906218145,-0.3679199218756371,0.2894287109378185,-0.0156899950994,-0.0181500427366,-0.004394274173600001,-0.0001944442989379883,8.302766928710938e-05,0.000588388973059082,1
248,-0.11216579172273189,0.3793492858002039,-0.2966060310091743,-0.09228515624872578,-0.3669433593730887,0.2841796875025484,-0.015079569022,-0.0177532657862,-0.0045774019968,-0.0001944442989379883,8.302766928710938e-05,0.000588388973059082,1
249,-0.1103955560958206,0.3748931754383282,-0.2999328531294597,-0.09228515624872578,-0.3596191406269113,0.2805175781243629,-0.0142554938174,-0.0176311805708,-0.0047300085162,-0.0001944442989379883,8.260620903320313e-05,0.0005896849840209961,1
250,-0.11289830301732925,0.371596874617737,-0.29892565010193684,-0.09228515624872578,-0.3631591796890927,0.2757568359378186,-0.0130346416626,-0.017814308394,-0.0051878280742,-0.0001944442989379883,8.260620903320313e-05,0.0005896849840209961,1
251,-0.11216579172273189,0.37223782199796124,-0.3003296300815494,-0.09045410156472986,-0.36499023437308864,0.27612304687563705,-0.0117527469002,-0.019065681852600002,-0.0054319985052,-0.0001944442989379883,8.260620903320313e-05,0.0005896849840209961,1
252,-0.11213527041794087,0.3719020876554536,-0.3036259309021407,-0.09289550781345565,-0.3612060546890927,0.27612304687563705,-0.008944786944000001,-0.0204391405268,-0.005828775455399999,-0.0001944442989379883,8.260620903320313e-05,0.0005896849840209961,1
253,-0.11137223782364933,0.3693077768297655,-0.3031070687359837,-0.09423828124872578,-0.3590087890621814,0.2808837890621814,-0.0076323708776,-0.0201034061842,-0.005828775455399999,-0.0001948633599243164,8.302766928710938e-05,0.0005896849840209961,1
254,-0.11189109998980631,0.3711695763659531,-0.3046941765341488,-0.0949707031243629,-0.3612060546890927,0.2867431640621814,-0.0063504761152000004,-0.0193098522836,-0.005981381974799999,-0.0001948633599243164,8.302766928710938e-05,0.0005896849840209961,1
255,-0.11183005738022427,0.3734281528491335,-0.3021303870081549,-0.0964355468756371,-0.36450195312436284,0.2869873046890927,-0.0053432730874,-0.018546819686799998,-0.006195031102,-0.0001948633599243164,8.302766928710938e-05,0.0005896849840209961,1
256,-0.11085337565749234,0.3753815162996942,-0.2984373092405708,-0.09704589843527013,-0.3653564453109072,0.2878417968756371,-0.0043055487558,-0.0174785740514,-0.0060424245826,-0.00019318711596679687,8.302766928710938e-05,0.0005896849840209961,1
257,-0.11106702478083588,0.3777316566972477,-0.2934012941029562,-0.09729003906218145,-0.3697509765647299,0.2830810546890928,-0.0034204309436,-0.016807105366199997,-0.0060729458864,-0.00019318711596679687,8.302766928710938e-05,0.0005896849840209961,1
258,-0.11323403735983689,0.378372604077472,-0.29135636674311927,-0.095703125,-0.3714599609378185,0.2805175781243629,-0.0024132279157999996,-0.017020754493399997,-0.0062560737095999994,-0.00019318711596679687,8.302766928710938e-05,0.0005896849840209961,1
259,-0.1139665486493374,0.38011231839959225,-0.28958613112130477,-0.0986328125025484,-0.3725585937512742,0.28295898437308864,-0.0016501953192000001,-0.0174175314436,-0.006164509798,-0.00019318711596679687,8.302766928710938e-05,0.0005896849840209961,1
260,-0.11457697472986747,0.3812110853363914,-0.2903491637155963,-0.10070800781345565,-0.3743896484352701,0.28613281249745154,-0.0011313331534,-0.0173870101398,-0.006164509798,-0.00019528242091064452,8.302766928710938e-05,0.000588388973059082,1
261,-0.11549261384301732,0.38148577707441383,-0.289677695030581,-0.1018066406269113,-0.3762207031243629,0.2904052734352701,-0.0005209070759999999,-0.0172038823166,-0.0063476376212,-0.00019528242091064452,8.302766928710938e-05,0.000588388973059082,1
262,-0.11466853863914374,0.3840800879001019,-0.2905017702344546,-0.10778808593781855,-0.3771972656269113,0.2933349609378185,5.89976976e-05,-0.017020754493399997,-0.0061034671904,-0.00019528242091064452,8.302766928710938e-05,0.000588388973059082,1
263,-0.11323403735983689,0.3871016969826707,-0.2900439506778797,-0.1101074218756371,-0.380859375,0.2974853515647299,0.00039473204020000003,-0.017020754493399997,-0.0057982541516,-0.00019528242091064452,8.302766928710938e-05,0.000588388973059082,1
264,-0.11341716518348624,0.3866743987308868,-0.2876938102803262,-0.10986328124872578,-0.3781738281243629,0.2961425781243629,0.0007304663828,-0.016654498846999998,-0.0055540837206,-0.0001948633599243164,8.682081153564454e-05,0.0005892529803710937,1
265,-0.11250152606523954,0.3894823586850153,-0.2829324868756371,-0.11328125,-0.38208007812436284,0.2899169921865443,0.0009135942059999999,-0.0157999023386,-0.0051267854664,-0.0001948633599243164,8.682081153564454e-05,0.0005892529803710937,1
266,-0.1114943230377166,0.39357221340468906,-0.27859846172782876,-0.11352539062691132,-0.3858642578134557,0.28857421875127415,0.0010356794214,-0.0154336466922,-0.0046994872122,-0.0001948633599243164,8.682081153564454e-05,0.0005892529803710937,1
267,-0.11073129043832822,0.39873031376146784,-0.2723415944342507,-0.10717773437308867,-0.3934326171865443,0.2934570312487258,0.0008220302944,-0.015952508858,-0.0042111463504,-0.0001948633599243164,8.682081153564454e-05,0.0005892529803710937,1
268,-0.11402759125891947,0.40050054938328233,-0.2709376144546381,-0.10888671875127422,-0.3966064453109072,0.2998046875025484,0.0005168172556000001,-0.016959711885600002,-0.0036312415768,-0.0001944442989379883,8.639935129394532e-05,0.0005888209767089844,1
269,-0.11701867903669724,0.4035832010754332,-0.26864851666666667,-0.1171875,-0.3990478515647298,0.3061523437512742,5.89976976e-05,-0.0182416066482,-0.0034481137536,-0.0001944442989379883,8.639935129394532e-05,0.0005888209767089844,1
270,-0.11613356122324157,0.4101452814067278,-0.2682212184097859,-0.12304687499999999,-0.40405273437308864,0.3071289062487258,-0.0006429922914,-0.0186994262062,-0.0028376876762,-0.0001944442989379883,8.639935129394532e-05,0.0005888209767089844,1
271,-0.11534000732415901,0.4116713466004077,-0.2663899401783894,-0.1284179687512742,-0.40502929687563705,0.3137207031243629,-0.0014975887998,-0.0195845440184,-0.0021356976872,-0.0001944442989379883,8.639935129394532e-05,0.0005888209767089844,1
272,-0.11323403735983689,0.4120070809429154,-0.2645891832517839,-0.12731933593781855,-0.4057617187512742,0.3195800781243629,-0.002871047474,-0.0196150653224,-0.001220058571,-0.00019402523795166015,8.639935129394532e-05,0.0005896849840209961,1
273,-0.11305090953618754,0.41197655963812435,-0.26565742888379207,-0.12475585937308868,-0.4053955078134556,0.3148193359378185,-0.004244506148,-0.0197676718416,-9.0770328e-05,-0.00019402523795166015,8.639935129394532e-05,0.0005896849840209961,1
274,-0.11332560126911315,0.41139665486748217,-0.2660236845310907,-0.11877441406218145,-0.4024658203109072,0.31249999999999994,-0.0057095287338,-0.020164448792000002,0.0009469540036,-0.00019402523795166015,8.639935129394532e-05,0.0005896849840209961,1
275,-0.11405811256371048,0.4095653766309888,-0.26825173971457694,-0.11621093750254842,-0.3985595703109072,0.3096923828134556,-0.0070524661042000005,-0.0208053961732,0.0017405079044,-0.00019402523795166015,8.639935129394532e-05,0.0005896849840209961,1
276,-0.11451593212028542,0.40489561714067274,-0.2737150531090724,-0.11169433593781855,-0.3936767578134557,0.3114013671865443,-0.0081512330434,-0.0219346844164,0.0022898913740000003,-0.0001944442989379883,8.597789104003907e-05,0.0005892529803710937,1
277,-0.11332560126911315,0.39927969722731904,-0.2768587474057084,-0.10888671875127422,-0.3845214843730887,0.3121337890621815,-0.0087006165132,-0.0227892809248,0.0027782322358,-0.0001944442989379883,8.597789104003907e-05,0.0005892529803710937,1
278,-0.11109754608562691,0.39277865950560653,-0.2814064216819572,-0.10095214843527013,-0.3890380859378186,0.3140869140621814,-0.0095857343254,-0.0227892809248,0.0031444878824,-0.0001944442989379883,8.597789104003907e-05,0.0005892529803710937,1
279,-0.10572579660550457,0.3966243437920489,-0.28125381516309883,-0.08703613281345565,-0.3959960937512742,0.3216552734352701,-0.0100435538834,-0.022300940063,0.0035107435288,-0.0001944442989379883,8.597789104003907e-05,0.0005892529803710937,1
280,-0.10178854840468908,0.4017214015392456,-0.2725552435575943,-0.10278320312436288,-0.3714599609378185,0.3198242187512742,-0.0112644060382,-0.0180890001288,0.0037243926558000002,-0.00019528242091064452,8.892811279296874e-05,0.0005888209767089844,1
281,-0.12800634843017328,0.3787999023343527,-0.29022707850152907,-0.1040039062487258,-0.3646240234352701,0.2955322265647299,-0.0121800451542,-0.0179669149134,0.0036633500481999997,-0.00019528242091064452,8.892811279296874e-05,0.0005888209767089844,1
282,-0.10697717006625891,0.3733365889398573,-0.3041142717635066,-0.099609375,-0.3634033203109072,0.2873535156269113,-0.0121495238504,-0.023491270913800003,0.0035107435288,-0.00019528242091064452,8.892811279296874e-05,0.0005888209767089844,1
283,-0.11921621291539244,0.36997924551478084,-0.30206934440366967,-0.09765625,-0.3612060546890927,0.2872314453109072,-0.0116001403808,-0.02251458919,0.0037243926558000002,-0.0001957014819091797,8.724227178955079e-05,0.000588388973059082,1
284,-0.11720180686034658,0.3714442680988787,-0.3003601513863405,-0.09375,-0.3653564453109072,0.2952880859378185,-0.010348766922,-0.02535307045,0.0033581370094,-0.0001957014819091797,8.724227178955079e-05,0.000588388973059082,1
285,-0.12089488462793067,0.3758393358562691,-0.29807105359327213,-0.09069824218654435,-0.36767578124872574,0.3021240234352701,-0.008853223032400001,-0.027489561720800002,0.0030224026668,-0.0001957014819091797,8.724227178955079e-05,0.000588388973059082,1
286,-0.11973507508154944,0.38026492491845054,-0.29202783542813454,-0.091796875,-0.3740234375025484,0.3114013671865443,-0.0084564460822,-0.027520083024600003,0.002503540501,-0.0001957014819091797,8.724227178955079e-05,0.000588388973059082,1
287,-0.11830057380224261,0.38325601269622833,-0.2861067024770642,-0.09082031250254842,-0.3773193359378185,0.3148193359378185,-0.0088227017286,-0.027336955201399997,0.0019541570314,-0.0001948633599243164,8.892811279296874e-05,0.000588388973059082,1
288,-0.11924673422018349,0.38438530093781853,-0.28323769991335374,-0.09240722656472986,-0.3763427734352701,0.3128662109378185,-0.008975308247999999,-0.0278558173672,0.0014963374734000001,-0.0001948633599243164,8.892811279296874e-05,0.000588388973059082,1
289,-0.11961298986748216,0.38670492003567786,-0.2810706873394495,-0.08947753906218145,-0.37695312499999994,0.3071289062487258,-0.0097078195408,-0.0286493712678,0.0009774753076,-0.0001948633599243164,8.892811279296874e-05,0.000588388973059082,1
290,-0.12202417287461773,0.3868270052497451,-0.28271883774719675,-0.0905761718756371,-0.3785400390621814,0.3084716796890928,-0.010104596491200001,-0.0295039677762,0.00027548531859999996,-0.0001948633599243164,8.892811279296874e-05,0.000588388973059082,1
291,-0.12153583201325178,0.38615553656472984,-0.28574044682976557,-0.0913085937512742,-0.3781738281243629,0.3145751953109072,-0.0104708521376,-0.0306027347156,-0.0003959833666,-0.0001944442989379883,8.977103328857423e-05,0.0005879569694091797,1
292,-0.12251251373598368,0.3871016969826707,-0.2859540959582059,-0.09155273437308868,-0.3790283203109072,0.3148193359378185,-0.010959192999400002,-0.0313352460084,-0.0009758881402,-0.0001944442989379883,8.977103328857423e-05,0.0005879569694091797,1
293,-0.12129166158002039,0.39082529605504585,-0.2867476498572885,-0.09191894531090723,-0.3842773437512742,0.31420898437308864,-0.0114780551652,-0.0321898425168,-0.0015252716098000001,-0.0001944442989379883,8.977103328857423e-05,0.0005879569694091797,1
294,-0.11982663899592251,0.3885972408766564,-0.2858320107441386,-0.0893554687512742,-0.3757324218756371,0.3138427734352701,-0.011996917331000001,-0.033807471622,-0.0018610059524,-0.0001944442989379883,8.977103328857423e-05,0.0005879569694091797,1
295,-0.11808692467380223,0.38279819313965335,-0.2880295446228338,-0.09118652343527013,-0.375,0.3209228515647299,-0.0126683860162,-0.0341432059646,-0.0025629959414000003,-0.00019528242091064452,8.977103328857423e-05,0.0005879569694091797,1
296,-0.11100598217635066,0.3915578073496432,-0.28366499817023444,-0.07397460937308868,-0.4020996093730887,0.3280029296890927,-0.013187248181999999,-0.0322203638206,-0.0030818581072,-0.00019528242091064452,8.977103328857423e-05,0.0005879569694091797,1
297,-0.10099499450560652,0.4174703943374108,-0.2655048223649337,-0.06359863281345565,-0.4298095703109073,0.3376464843730887,-0.01459122816,-0.025047857411199997,-0.0036312415768,-0.00019528242091064452,8.977103328857423e-05,0.0005879569694091797,1
298,-0.023104627028542303,0.5130325967533129,-0.22439262605504587,0.16442871093781855,-0.6337890625025484,0.38159179687563705,-0.017338145508400002,-0.012534122824400001,-0.004394274173600001,-0.00019528242091064452,8.977103328857423e-05,0.0005879569694091797,1
299,0.11991820290519878,0.5912586985728848,-0.08295690391946993,-0.18408203124872577,-0.18786621093781855,0.5463867187512742,-0.0266166218848,0.0789382248742,-0.0014337076982000002,-0.0001948633599243164,9.103541403808595e-05,0.000587092962109375,1
300,-0.5697411793425076,0.19640459040265035,-0.35157489928134555,-0.35205078124872574,-0.23413085937308867,0.2001953125025484,-0.037146471720000004,0.0721319741112,-0.0055540837206,-0.0001948633599243164,9.103541403808595e-05,0.000587092962109375,1
301,-0.00637895250764526,0.2970638505657492,-0.41576120132008154,-0.21020507812436287,-0.359375,0.09680175781345565,-0.032934531786000004,-0.0533716274026,-0.0102238432128,-0.0001948633599243164,9.103541403808595e-05,0.000587092962109375,1
302,-0.11778171163608563,0.38316444878695205,-0.32972164570846074,-0.06994628906218144,-0.3771972656269113,0.1955566406269113,-0.024937950172,-0.0194319374992,-0.001952569864,-0.0001948633599243164,9.103541403808595e-05,0.000587092962109375,1
303,-0.14735685508664628,0.3855145891845056,-0.2970638505657492,-0.0437011718756371,-0.37377929687563705,0.3092041015647298,-0.018925253309599998,-0.0204391405268,-0.0002433768472,-0.00019402523795166015,9.229979478759767e-05,0.0005866609584594726,1
304,-0.1322488096687054,0.377914784520897,-0.2768587474057084,-0.06091308593781855,-0.3625488281243629,0.3489990234352701,-0.016422506392199998,-0.0205612257424,-0.001952569864,-0.00019402523795166015,9.229979478759767e-05,0.0005866609584594726,1
305,-0.1313026492507645,0.3711695763659531,-0.28986082285423037,-0.0822753906269113,-0.36499023437308864,0.3465576171865443,-0.0175517946354,-0.0203475766152,-0.0044858380852000005,-0.00019402523795166015,9.229979478759767e-05,0.0005866609584594726,1
306,-0.12336711024464832,0.3747100476146789,-0.2939811988786952,-0.10119628906218145,-0.3690185546890927,0.3155517578134556,-0.0187726467902,-0.023002930052,-0.0065612867483999995,-0.0001944442989379883,9.103541403808595e-05,0.0005866609584594726,1
307,-0.12208521547910295,0.37779269930173287,-0.284428030764526,-0.10119628906218145,-0.3692626953109072,0.2736816406269113,-0.0198408924256,-0.025047857411199997,-0.0073243193452,-0.0001944442989379883,9.103541403808595e-05,0.0005866609584594726,1
308,-0.122665120254842,0.3786472958103975,-0.2852826272731906,-0.11340332031090722,-0.37377929687563705,0.2568359375025484,-0.0198714137296,-0.0255056769692,-0.0072632767374,-0.0001944442989379883,9.103541403808595e-05,0.0005866609584594726,1
309,-0.12449639848623853,0.3822488096687054,-0.29053229153924565,-0.11340332031090722,-0.37377929687563705,0.2684326171865443,-0.0187726467902,-0.024467952637599998,-0.0074769258644,-0.0001944442989379883,9.103541403808595e-05,0.0005866609584594726,1
310,-0.12446587718144748,0.3864912709072375,-0.2883652789653415,-0.10351562499999999,-0.3819580078134556,0.2928466796890928,-0.01742970942,-0.023674398737000002,-0.007171712825800001,-0.00019402523795166015,9.187833454589845e-05,0.0005857969511596679,1
311,-0.12333658893985727,0.38984861433231394,-0.2814064216819572,-0.1015625,-0.3819580078134556,0.2928466796890928,-0.016605634215399998,-0.0224535465822,-0.007354840649,-0.00019402523795166015,9.187833454589845e-05,0.0005857969511596679,1
312,-0.12336711024464832,0.3911915517023445,-0.2788731534607543,-0.1086425781243629,-0.3812255859378186,0.3040771484352701,-0.016391985088399997,-0.0211411305158,-0.007904224118600001,-0.00019402523795166015,9.187833454589845e-05,0.0005857969511596679,1
313,-0.12309241850662588,0.3915272860448522,-0.27777438652395514,-0.11621093750254842,-0.3824462890621814,0.3015136718756371,-0.016819283342599998,-0.0200728848804,-0.007599011080000001,-0.00019402523795166015,9.187833454589845e-05,0.0005857969511596679,1
314,-0.12287876938328236,0.3891161030377166,-0.28857892809378183,-0.11779785156472986,-0.3771972656269113,0.2921142578134556,-0.0172465815968,-0.0193098522836,-0.007568489776,-0.0001948633599243164,9.314271529541015e-05,0.0005853649475097656,1
315,-0.12315346111620794,0.37593089976554533,-0.2900134293730887,-0.11267089843527012,-0.3745117187512742,0.2803955078134557,-0.017185538989,-0.019554022714599998,-0.0076295323838,-0.0001948633599243164,9.314271529541015e-05,0.0005853649475097656,1
316,-0.12333658893985727,0.38078378708460753,-0.2913868880479103,-0.1062011718756371,-0.3709716796890927,0.2762451171865443,-0.0164530276962,-0.0196150653224,-0.007354840649,-0.0001948633599243164,9.314271529541015e-05,0.0005853649475097656,1
317,-0.12394701501529053,0.37513734586646275,-0.2920583567329256,-0.1030273437512742,-0.3725585937512742,0.2770996093730887,-0.0077544560932,-0.0200423635766,-0.0077516175992,-0.0001948633599243164,9.314271529541015e-05,0.0005853649475097656,1
318,-0.12547308020897044,0.3708033207186544,-0.2962092540570846,-0.10546875,-0.3634033203109072,0.2779541015647298,-0.013492461220799999,-0.0205612257424,-0.0078737028148,-0.00019402523795166015,9.272125504150392e-05,0.0005849329438476563,1
319,-0.12510682456167177,0.37370284458715597,-0.29691124404689095,-0.10900878906218144,-0.36450195312436284,0.2800292968756371,-0.0123631729776,-0.0198897570572,-0.0077210962954,-0.00019402523795166015,9.272125504150392e-05,0.0005849329438476563,1
320,-0.12474056891946993,0.3776095714831804,-0.29099011109582057,-0.11267089843527012,-0.3679199218756371,0.2778320312487258,-0.011447533861400001,-0.019004639245,-0.007904224118600001,-0.00019402523795166015,9.272125504150392e-05,0.0005849329438476563,1
321,-0.1232450250254842,0.38157734098369006,-0.2861067024770642,-0.11328125,-0.3701171875025484,0.27661132812436284,-0.0105013734414,-0.0186383835984,-0.0077516175992,-0.00019402523795166015,9.272125504150392e-05,0.0005849329438476563,1
322,-0.12489317543832824,0.3814552557696228,-0.2820473690621814,-0.11437988281345567,-0.3729248046890928,0.2735595703109072,-0.0094636491098,-0.019065681852600002,-0.0075379684722,-0.00019528242091064452,9.314271529541015e-05,0.0005849329438476563,1
323,-0.12577829324668705,0.38151629837410805,-0.28183371993883793,-0.11267089843527012,-0.3735351562487258,0.2713623046890927,-0.008792180424799999,-0.019248809676,-0.0076295323838,-0.00019528242091064452,9.314271529541015e-05,0.0005849329438476563,1
324,-0.1265108045412844,0.38154681967889903,-0.28409229642201833,-0.1164550781243629,-0.373046875,0.2758789062487258,-0.0078154987008,-0.0191877670682,-0.007599011080000001,-0.00019528242091064452,9.314271529541015e-05,0.0005849329438476563,1
325,-0.12733487974515798,0.38212672445463813,-0.28479428641182464,-0.12023925781345565,-0.3729248046890928,0.2778320312487258,-0.0071440300158,-0.0188520327256,-0.0072632767374,-0.00019528242091064452,9.314271529541015e-05,0.0005849329438476563,1
326,-0.1283115614678899,0.38362226834352703,-0.28357343425586135,-0.12145996093781854,-0.3746337890621814,0.28125,-0.0063199548111999996,-0.0185773409908,-0.0071411915218,-0.0001948633599243164,9.229979478759767e-05,0.0005832049292480469,1
327,-0.12834208277268092,0.3814552557696228,-0.28323769991335374,-0.11987304687563709,-0.37280273437308864,0.2833251953109072,-0.0058010926454,-0.0177532657862,-0.0068054571794,-0.0001948633599243164,9.229979478759767e-05,0.0005832049292480469,1
328,-0.1295324136238532,0.3805396166513761,-0.2847027225025484,-0.1264648437512742,-0.3720703125025484,0.2817382812487258,-0.0054043156952,-0.0158304236424,-0.0065307654444,-0.0001948633599243164,9.229979478759767e-05,0.0005832049292480469,1
329,-0.1300512757900102,0.38148577707441383,-0.2864729581243629,-0.1301269531243629,-0.3735351562487258,0.2795410156269113,-0.0047023257062,-0.014640092791600001,-0.0063476376212,-0.0001948633599243164,9.229979478759767e-05,0.0005832049292480469,1
330,-0.1309058722986748,0.38438530093781853,-0.28479428641182464,-0.12976074218654435,-0.3759765625025484,0.27465820312436284,-0.0039087718056,-0.013785496283200001,-0.0058592967594,-0.0001944442989379883,9.356417553710938e-05,0.0005827729255981445,1
331,-0.1303564888277268,0.3854230252701325,-0.28277988035677876,-0.12854003906218145,-0.3776855468756371,0.27734375,-0.0031457392087999997,-0.0134497619406,-0.005401477201400001,-0.0001944442989379883,9.356417553710938e-05,0.0005827729255981445,1
332,-0.13069222317023446,0.38575875961264017,-0.2823831034046891,-0.13000488281345565,-0.37548828124872574,0.2788085937512742,-0.0025353131314000002,-0.0130224636864,-0.005004700251,-0.0001944442989379883,9.356417553710938e-05,0.0005827729255981445,1
333,-0.13072274447502547,0.3852704187512742,-0.28049078256371046,-0.12951660156472986,-0.3780517578134556,0.2813720703109072,-0.0020164509655999996,-0.0127782932554,-0.0044247954774,-0.0001948633599243164,9.356417553710938e-05,0.0005840689365478515,1
334,-0.13108900012232416,0.3870101330733945,-0.280826516911315,-0.12780761718654435,-0.3776855468756371,0.2806396484352701,-0.0015586314076,-0.0125036015206,-0.004058539831,-0.0001948633599243164,9.356417553710938e-05,0.0005840689365478515,1
335,-0.13136369185524974,0.38774264436799183,-0.2798193138786952,-0.1281738281243629,-0.3771972656269113,0.2794189453109072,-0.0013449822804,-0.0121068245702,-0.0037533267923999998,-0.0001948633599243164,9.356417553710938e-05,0.0005840689365478515,1
336,-0.13108900012232416,0.388871932609582,-0.28036869734964326,-0.12792968750254843,-0.3817138671865443,0.2734375,-0.0008566414184,-0.0114353558852,-0.0032649859304,-0.0001948633599243164,9.356417553710938e-05,0.0005840689365478515,1
337,-0.13038701013251783,0.3900622634607543,-0.2775607373955148,-0.13208007812436287,-0.3814697265647298,0.2711181640621815,-0.000246215341,-0.010336588945800002,-0.0028376876762,-0.00019528242091064452,9.440709604492187e-05,0.0005827729255981445,1
338,-0.12974606275229358,0.39045904040774715,-0.27740813087665644,-0.1340332031243629,-0.3822021484352701,0.2679443359378186,0.000455774648,-0.009115736791,-0.0025019533336,-0.00019528242091064452,9.440709604492187e-05,0.0005827729255981445,1
339,-0.12849468929153923,0.3912525943119266,-0.27591258698776755,-0.1342773437512742,-0.3804931640621814,0.26538085937308864,0.0012493285486000001,-0.0078948846362,-0.0016473568252000001,-0.00019528242091064452,9.440709604492187e-05,0.0005827729255981445,1
340,-0.1285557319011213,0.39106946648827723,-0.27414235136085624,-0.1330566406269113,-0.3828125,0.26074218749745154,0.0019818398414,-0.006796117696999999,-0.0009453668362,-0.00019528242091064452,9.440709604492187e-05,0.0005827729255981445,1
341,-0.1280368697349643,0.3900317421559633,-0.27057135880733946,-0.1342773437512742,-0.3828125,0.2564697265647299,0.003019564173,-0.0057889146692,-0.000304419455,-0.0001944442989379883,9.187833454589845e-05,0.0005840689365478515,1
342,-0.12724331583588175,0.39106946648827723,-0.27151751923037715,-0.13134765624872577,-0.38330078124872574,0.2513427734352701,0.0038436393776,-0.0042628494756,0.00039757053399999996,-0.0001944442989379883,9.187833454589845e-05,0.0005840689365478515,1
343,-0.12852521059633026,0.3916798925637104,-0.27383713832313966,-0.1301269531243629,-0.3819580078134556,0.2521972656269113,0.0050034489246,-0.0031030399286000004,0.0011911244346,-0.0001944442989379883,9.187833454589845e-05,0.0005840689365478515,1
344,-0.12925772189092763,0.3908558173598369,-0.27344036137104993,-0.1301269531243629,-0.3822021484352701,0.2579345703109072,0.0064074289026000006,-0.0021263582048,0.0017405079044,-0.0001944442989379883,9.187833454589845e-05,0.0005840689365478515,1
345,-0.12931876449541285,0.3926260529867482,-0.2743254791845056,-0.12683105468909275,-0.3812255859378186,0.2662353515647299,0.007567238449599999,-0.0010886338732,0.0022898913740000003,-0.00019612054289550783,9.356417553710938e-05,0.0005845009401977539,1
346,-0.12834208277268092,0.3890855817380224,-0.2746306922222222,-0.12792968750254843,-0.3803710937512742,0.2723388671865443,0.0083302710464,-0.0009360273538,0.0028392748436000003,-0.00019612054289550783,9.356417553710938e-05,0.0005845009401977539,1
347,-0.12867781711518858,0.38871932609072374,-0.2742033939704383,-0.12976074218654435,-0.3800048828134556,0.287109375,0.008940697123799999,0.0007426443590000001,0.0033886583132,-0.00019612054289550783,9.356417553710938e-05,0.0005845009401977539,1
348,-0.1280368697349643,0.3924734464678899,-0.27527163960244644,-0.12731933593781855,-0.3826904296890927,0.2891845703109072,0.0089712184276,0.0024823586796,0.0037549139598000002,-0.00019612054289550783,9.356417553710938e-05,0.0005845009401977539,1
349,-0.1282505188634047,0.39381638383792045,-0.2777438652191641,-0.11914062499999999,-0.3842773437512742,0.2825927734352701,0.0092764314664,0.0034895617074,0.0041211696062,-0.00019612054289550783,9.356417553710938e-05,0.0005832049292480469,1
350,-0.12919667928134557,0.39390794774719673,-0.27713343913863403,-0.11816406249745157,-0.3859863281243629,0.2777099609378185,0.0097342510244,0.004618849950599999,0.0045484678604,-0.00019612054289550783,9.356417553710938e-05,0.0005832049292480469,1
351,-0.12782322060652396,0.3919851056014271,-0.2772250030530071,-0.11743164062691132,-0.3812255859378186,0.2783203125025484,0.009856336240000001,0.0061143938402,0.004609510468,-0.00019612054289550783,9.356417553710938e-05,0.0005832049292480469,1
352,-0.12580881455147808,0.3923818825535168,-0.27688926871049946,-0.12121582031090722,-0.3836669921865443,0.2911376953109072,0.010069985367,0.0065111707904,0.0048231595952,-0.00019612054289550783,9.356417553710938e-05,0.0005832049292480469,1
353,-0.1251678671712538,0.39372481992354735,-0.2791478451936799,-0.1154785156269113,-0.3842773437512742,0.2989501953109072,0.0099784214554,0.0065416920944,0.0050368087222,-0.00019653960388183594,9.272125504150392e-05,0.0005836369328979492,1
354,-0.1251373458664628,0.39320595775739037,-0.28155902820081546,-0.10266113281345565,-0.3873291015647298,0.3010253906269113,0.0097342510244,0.0070300329562000006,0.0050062874184,-0.00019653960388183594,9.272125504150392e-05,0.0005836369328979492,1
355,-0.12684653888379205,0.3929007447196738,-0.2791173238939857,-0.09741210937308868,-0.3857421875025484,0.3131103515647299,0.0090627823392,0.008372970326600001,0.0045179465564,-0.00019653960388183594,9.272125504150392e-05,0.0005836369328979492,1
356,-0.1224209498216106,0.39357221340468906,-0.28122329385830785,-0.09558105468909275,-0.3902587890621814,0.3154296875025484,0.0085133988696,0.009197045531,0.0040906483024,-0.00019528242091064452,9.314271529541015e-05,0.0005840689365478515,1
357,-0.12202417287461773,0.39567818337410804,-0.284428030764526,-0.09020996093781855,-0.3918457031243629,0.3210449218756371,0.0074756745379999994,0.0113945794096,0.003693871352,-0.00019528242091064452,9.314271529541015e-05,0.0005840689365478515,1
358,-0.12312293981141692,0.39647173727319057,-0.284977414235474,-0.08105468750254842,-0.3935546875025484,0.3175048828134556,0.0065905567258,0.014172018061799999,0.0028392748436000003,-0.00019528242091064452,9.314271529541015e-05,0.0005840689365478515,1
359,-0.11952142595310906,0.3979978024668705,-0.2872359907237513,-0.07971191406218144,-0.3896484375025484,0.3197021484352701,0.005735960217400001,0.0170715419296,0.0019236357276,-0.00019528242091064452,9.314271529541015e-05,0.0005840689365478515,1
360,-0.11222683433231395,0.3987913563659531,-0.2926382615086646,-0.07312011718654433,-0.3931884765647299,0.3330078125025484,0.0048508424052,0.0206425344824,0.0009164326998,-0.0001957014819091797,9.229979478759767e-05,0.0005849329438476563,1
361,-0.1162556464424057,0.4003784641692151,-0.2940117201783894,-0.04895019531090723,-0.3967285156269113,0.3406982421865443,0.0035689476426,0.025678549620799997,-0.0002433768472,-0.0001957014819091797,9.229979478759767e-05,0.0005849329438476563,1
362,-0.1240385789296636,0.4003784641692151,-0.2983152240265035,-0.03417968750254842,-0.3970947265647298,0.3347167968756371,0.0025617446149999996,0.0301651812898,-0.0023493468142,-0.0001957014819091797,9.229979478759767e-05,0.0005849329438476563,1
363,-0.11488218776758409,0.4001037724311926,-0.2985899157594291,-0.03637695312436289,-0.39770507812436284,0.3365478515647299,0.0010967220292,0.0346823342626,-0.005004700251,-0.0001957014819091797,9.229979478759767e-05,0.0005849329438476563,1
364,-0.10624465877166156,0.4051092662691131,-0.3040532291539246,-0.029296875,-0.40502929687563705,0.3419189453109072,-6.308751780000001e-05,0.0419769258876,-0.007599011080000001,-0.00019528242091064452,9.356417553710938e-05,0.0005840689365478515,1
365,-0.09785130020897044,0.41768404346075433,-0.314705164204893,-0.013305664062181446,-0.41650390624872574,0.3449707031243629,-0.001192375761,0.052201562684,-0.0102848858206,-0.00019528242091064452,9.356417553710938e-05,0.0005840689365478515,1
366,-0.08298742522426096,0.43324990843527006,-0.31336222683486237,0.018310546875637105,-0.43896484375127415,0.3699951171865443,-0.0026879196506,0.06688230984560001,-0.0131233670804,-0.00019528242091064452,9.356417553710938e-05,0.0005840689365478515,1
367,-0.007782932487257899,0.5075082407543323,-0.2983152240265035,0.17578125,-0.7940673828134557,0.4234619140621815,-0.0050685813525999995,0.09154352337260001,-0.016511231810000002,-0.00019528242091064452,9.356417553710938e-05,0.0005840689365478515,1
368,0.46276400927624867,0.6636247100458715,-0.23238920766564727,0.1506347656269113,-0.4400634765647299,0.6520996093730886,-0.0127904712318,0.22290721522940002,-0.019410755677600002,-0.0001944442989379883,9.272125504150392e-05,0.0005849329438476563,1
369,-0.4021792210958206,0.30567085825688073,-0.21679282139143732,-0.1479492187512742,-0.3538818359378185,0.5671386718756372,-0.0271965266584,0.36718141862340004,-0.0184340739538,-0.0001944442989379883,9.272125504150392e-05,0.0005849329438476563,1
370,-0.2401721401529052,0.36793431815494393,-0.32019899889908254,-0.19140625,-0.3923339843730887,0.3383789062487258,-0.0368412586814,0.235939811982,-0.026155963833,-0.0001944442989379883,9.272125504150392e-05,0.0005849329438476563,1
371,0.020571358807339447,0.435294835795107,-0.3264253448929663,-0.13061523437308867,-0.47583007812436284,0.2786865234352701,-0.0366276095542,0.1830463923752,-0.025576059059399997,-0.0001944442989379883,9.272125504150392e-05,0.0005849329438476563,1
372,0.0006409473802242609,0.4946892931243629,-0.3133927481396534,-0.09533691406218145,-0.509033203124363,0.2977294921865443,-0.036536045642600004,0.207036137217,-0.019685447412599998,-0.00018941556706542968,9.314271529541015e-05,0.0005840689365478515,1
